uniprotswissprot	ensembl_gene_id	tpm	orf_length	ribo_reads	protein_synthesis_rate	rsquared	real_density	real_tpm	real_protein_synthesis_rate	real_protein_synthesis_per_mrna
O13297	YPL228W	3.88484555013588e-05	550	4.02108535875999e-05	1039.37326086957	0.899269051526304	0.0178058233795983	1.55393822005435	0.100493880413562	0.06467044771577
O13547	YLR390W-A	0.000253977873309093	239	0.000351354788621946	12433.8456521739	0.918110825257942	0.0947687487100944	10.1591149323637	1.2021912099267	0.118336215106387
O13563	YLR421C	0.00019176785358951	157	7.1710962712978e-05	9682.12521739131	0.945875741729197	0.0252812065346587	7.6707141435804	0.936135621703041	0.122040217400943
O14455	YPL249C-A	0.00141995592302821	101	0.00112474675358697	53527.1591304348	0.887134255488674	0.14891994213101	56.7982369211284	5.17538032874854	0.0911186791930746
O14467	YOR298C-A	0.00109154788620868	152	0.000429633631230794	48988.512173913	0.829387246928644	0.028629771797893	43.6619154483472	4.73655217945934	0.10848246419841
O43137	YBR085C-A	0.000205158994653494	86	4.65108754126755e-05	6047.24082608696	0.878717503636147	0.029400580411123	8.20635978613976	0.584689561765676	0.071248346039275
O74700	YEL020W-A	8.829194432127e-05	88	2.99036750234456e-05	1562.02847826087	0.940215564051188	0.0516333457837839	3.5316777728508	0.151027844381523	0.0427637667123895
P00044	YJR048W	0.000120665657239069	110	5.02287454352967e-05	59.0286586956522	0.849630759666813	0.050350121482733	4.82662628956276	0.00570730380630623	0.00118246233785447
P00330	YOL086C	0.0135765519273612	349	0.0112583854308352	547549.443478261	0.943214329008987	0.0251905098370063	543.062077094448	52.9409119562887	0.0974859305947842
P00359	YGR192C	0.0282861670930877	333	0.0253592485659682	2925175.04347826	0.883103343249906	0.0303372108982165	1131.44668372351	282.826393630813	0.249968821067249
P00427	YHR051W	0.000144486705304271	149	5.4793046961627e-05	2672.67973913043	0.893468269125645	0.0279033520773684	5.77946821217084	0.258413380639804	0.0447123110904248
P00445	YJR104C	0.00190587180887042	155	0.000831013593154233	153096.669565217	0.951823929647747	0.0323851197456478	76.2348723548168	14.8024573868003	0.194169110927422
P00447	YHR008C	0.000256637766933834	234	0.000120257559463688	5578.553	0.825964850175874	0.0195296448737283	10.2655106773534	0.539373542853789	0.0525423001160279
P00546	YBR160W	7.03776367778239e-05	299	4.40572954842022e-05	250.34982173913	0.8281164484862	0.0208673802124653	2.81510547111296	0.0242055727182746	0.00859846033005112
P00560	YCR012W	0.00925523305874198	417	0.00963676195592535	1251877.86956522	0.891778634247065	0.0271206419160829	370.209322349679	121.040313093314	0.326951013348567
P00729	YMR297W	0.000422741166806531	533	0.000280961687617275	9631.11	0.934137788746232	0.00965050635101979	16.9096466722612	0.931203113480244	0.0550693418690882
P00812	YPL111W	0.00021614784373261	334	0.000167389865600606	4569.99643478261	0.81021899443749	0.0242895520480393	8.6459137493044	0.441859236231668	0.0511061351111926
P00817	YBR011C	0.00191713081185091	288	0.00124522931383012	280747.617391304	0.876295768858872	0.0233089547007902	76.6852324740364	27.1446443262451	0.353974858659202
P00830	YJR121W	0.000675295417894713	512	0.000405547833504995	42963.6804347826	0.950341914277893	0.00881081640420515	27.0118167157885	4.15402928503981	0.153785631257144
P00924	YGR254W	0.00536568422207219	438	0.0160126626152955	1150011.26086957	0.895207362093572	0.120792409199338	214.627368882888	111.191136500267	0.518065972103207
P00925	YHR174W	0.0172415890692579	438	0.0226956036240554	2695329.82608696	0.9283411104027	0.0357326144267256	689.663562770316	260.603349552475	0.377870259675102
P00927	YER086W	0.000218536588933842	577	0.000154350534714352	1537.69356521739	0.805105889441536	0.0093883678754342	8.74146355735368	0.148674974692322	0.0170080185905769
P00931	YGL026C	0.000370148596143479	708	0.000491562417198374	17215.2526086956	0.834071293067339	0.0177183339996794	14.8059438457392	1.66449109485472	0.112420465199436
P00937	YKL211C	0.000117479865433662	485	8.66574430632849e-05	2016.85408695652	0.813607979016325	0.0129689619222927	4.69919461734648	0.195003567107973	0.0414972315443463
P00942	YDR050C	0.00721127705616755	249	0.00409321418006341	637528.386956522	0.897326748450893	0.0236831339290952	288.451082246702	61.6407058860247	0.213695526485512
P00950	YKL152C	0.00872784857130662	248	0.00604426022475864	1093843.04347826	0.922059624062278	0.0320321370185355	349.113942852265	105.760400176684	0.302939491080248
P00958	YGR264C	0.000431577755320392	752	0.000415362153218888	10920.8634782609	0.827275759401214	0.0100316506783305	17.2631102128157	1.05590550547644	0.0611654268819166
P01097	YDL181W	4.89370078989985e-05	86	1.46464793110176e-05	908.271939130435	0.963480599848988	0.0444494269213964	1.95748031595994	0.0878180871784249	0.0448628200561799
P01098	YDL130W-A	4.65139553416652e-05	87	2.19107901909517e-05	4252.17682608696	0.863923805564796	0.0858056387915693	1.86055821366661	0.41113021235566	0.220971431764795
P01119	YOR101W	7.310193239503e-05	310	3.65894124704646e-05	5150.68704347826	0.959785878362017	0.0141756209781075	2.9240772958012	0.498004467963642	0.170311663333506
P01120	YNL098C	0.000270616176093057	323	0.000148179084763258	377.069412173913	0.866469351656045	0.0152418781323985	10.8246470437223	0.0364577095074725	0.00336802755417471
P01123	YFL038C	0.000534870039511462	207	0.000230422226819857	18403.8191304348	0.811232709798605	0.0206818634396736	21.3948015804585	1.77941002378627	0.0831702045515365
P02293	YDR224C	0.000929517969382259	132	0.000548862615702633	80847.6530434782	0.917052362872902	0.0645830632495867	37.1807187752904	7.81691686956721	0.210241144524677
P02309	YBR009C	0.00162024207439561	104	0.00108240374975585	27551.9513043478	0.827523139236706	0.110652732228024	64.8096829758244	2.66391546115295	0.0411036644346286
P02309	YNL030W	0.00167938635761082	104	0.00100689991676043	27551.9513043478	0.827523139236706	0.0942022713939385	67.1754543044328	2.66391546115295	0.0396560840374869
P02400	YDR382W	0.0042727467950068	111	0.00122227923432449	257573.986956522	0.965688729874762	0.0284272720593127	170.909871800272	24.9040555663296	0.145714552962938
P02406	YGL103W	0.00441145794693208	150	0.00236137246618319	97613.3391304348	0.90438691637672	0.0461399284838638	176.458317877283	9.43794072702563	0.0534853830670039
P02407	YML024W	0.0041187869792499	137	0.00172162024989872	106855.852173913	0.928023190506489	0.0365445267715955	164.751479169996	10.3315715673409	0.0627100382915557
P02557	YFL037W	0.000519534475864241	458	0.000349276209992585	8140.77652173913	0.941584040679212	0.012301882334878	20.7813790345696	0.787107243421615	0.037875602100913
P02829	YPL240C	0.000906691945592159	710	0.00298458176801541	56827.7739130435	0.916487034466635	0.0681135785734379	36.2676778236864	5.4945068636925	0.151498722647857
P02992	YOR187W	0.000308954611863926	438	0.000168954156734043	4184.98326086957	0.86983323986088	0.00966886717567294	12.358184474557	0.40463346824867	0.0327421450199038
P02994	YPR080W	0.0186293437755517	459	0.0297253244055881	408881.713043478	0.890626289559994	0.044376226592847	745.173751022068	39.5335453785932	0.0530527884595635
P02994	YBR118W	0.0189291003766425	459	0.0297570709441386	408881.713043478	0.890626289559994	0.0434034447703963	757.1640150657	39.5335453785932	0.0522126574850005
P04046	YMR300C	0.000193545387404845	511	0.000138193335884056	3149.27060869565	0.875166306721888	0.0114318887043778	7.7418154961938	0.304493521100809	0.0393310227104367
P04050	YDL140C	0.000287610754036155	1734	0.000409426418370092	3674.79426086956	0.968725374823887	0.00518116880777392	11.5044301614462	0.355304825416911	0.0308841742207809
P04147	YER165W	0.00119917161517314	578	0.00123487927797464	87589.1252173913	0.95156269887345	0.0164118787712857	47.9668646069256	8.46872957628412	0.176553744875403
P04161	YDR408C	0.000158857056410595	215	5.25858964582842e-05	1316.80330434783	0.953653768496307	0.0132077002392677	6.3542822564238	0.127317758477452	0.0200365286494382
P04449	YGL031C	0.0037053374624827	156	0.00177358471563276	41349.1369565217	0.904922939923748	0.0368528672403529	148.213498499308	3.99792392295738	0.0269740878087163
P04801	YIL078W	0.000973633910269315	735	0.000975667665705842	22690.5782608696	0.859314452732171	0.0110216936637838	38.9453564107726	2.19388389533386	0.0563323614808932
P04806	YFR053C	0.0003280669467493	486	0.000399687098916021	82656.1391304348	0.833817165358503	0.0272803566633092	13.122677869972	7.99177396027219	0.609004811324325
P04807	YGL253W	0.00172571167832867	487	0.00161813060566674	285252.786956522	0.867863404823532	0.0184207904261046	69.0284671331468	27.5802356470677	0.399548719427147
P04911	YDR225W	0.00128399500482248	133	0.000637020063962364	7688.21591304348	0.938920777418464	0.0492853809736045	51.3598001928992	0.743350516745676	0.0144733919126198
P05030	YGL008C	0.00582533083422397	919	0.00753274752416107	60581.7452173913	0.953251519499989	0.0115513496048583	233.013233368959	5.85746707975526	0.0251379159675468
P05317	YLR340W	0.00409842931107919	313	0.0030157818761015	270042.517391304	0.865130633713946	0.0247946201656379	163.937172443168	26.1096003437636	0.159265894090098
P05318	YDL081C	0.00334024103376169	107	0.000958717606985996	85044.6613043478	0.911230421845253	0.0301724931284038	133.609641350468	8.22271299896705	0.0615428117002297
P05319	YOL039W	0.00440221984069136	107	0.00130575452350674	189445.304347826	0.908189972764155	0.0316851986572481	176.088793627654	18.31689776598	0.104020803303995
P05373	YGL040C	0.000175554244976986	343	0.000109200378301311	402.647717391304	0.831306905650018	0.0168508396041011	7.02216979907944	0.0389307990533278	0.00554398429078593
P05694	YER091C	0.00074189758769956	768	0.000951603296625706	369513.569565217	0.84126240435854	0.0149071936829452	29.6759035079824	35.7271577681419	1.20391137403893
P05737	YGL076C	0.00295195406768828	245	0.00267336283272124	56925.2208695652	0.810472247864551	0.0486218405339807	118.078162707531	5.50392871738457	0.0466125877230771
P05738	YGL147C	0.00443789647914828	192	0.002296743670862	5139.15030434783	0.946284046262567	0.0303909049275993	177.515859165931	0.496889015290205	0.00279912463948217
P05740	YKL180W	0.00388484555013588	185	0.00203152132348458	109905.186956522	0.885606110913571	0.0326182229978713	155.393822005435	10.6264025934229	0.0683836876928818
P05743	YLR344W	0.00253804850882901	128	0.00104177503757781	47939.2034782609	0.940065768064003	0.0393540680622013	101.52194035316	4.63509767168265	0.0456561178357971
P05744	YPL143W	0.00219721588599506	108	0.000944178270903296	42966.2991304348	0.838463455524019	0.0542516914941755	87.8886354398024	4.15428247886115	0.0472675728559529
P05745	YMR194W	0.00130776978915465	101	0.000696291697867668	7261.22943478261	0.975071723907884	0.0824572424394699	52.310791566186	0.702066475968394	0.0134210638942465
P05748	YLR029C	0.00617232472874231	205	0.00309253928486824	48430.5656521739	0.826044830987077	0.0262704828126473	246.892989149692	4.68260600521785	0.0189661359820095
P05749	YLR061W	0.0021295003784044	122	0.00141749419631918	14493.3647826087	0.942043303701361	0.0867897622093105	85.180015136176	1.40131993200889	0.0164512759215718
P05750	YNL178W	0.00650093708156383	241	0.00304088553449632	150234.065217391	0.840632096382973	0.01864243789016	260.037483262553	14.525680765896	0.0558599498181952
P05759	YLR167W	0.010116256304575	153	0.00328163636852599	17993.4713043478	0.949759909532862	0.0212619762875882	404.650252183	1.73973472433874	0.00429935410877233
P06100	YDL165W	7.92481514133621e-05	192	2.94751021101752e-05	200.07124	0.992742980027259	0.0185887233113232	3.16992605653448	0.0193442875853202	0.00610244126844659
P06101	YDR168W	0.000175597062177411	507	0.000160232697948989	22461.742173913	0.857676119161924	0.0166617902581607	7.02388248709644	2.17175842104786	0.309196292084555
P06102	YIL038C	7.32953237505724e-05	837	9.51860440373668e-05	313.84662173913	0.963841367889779	0.0133600528674377	2.9318129500229	0.0303448876940181	0.0103502127220569
P06105	YJL080C	0.00040950232120879	1223	0.000859985122091316	16742.8352173913	0.947407859356213	0.0155359651818444	16.3800928483516	1.61881447547806	0.0988281623593461
P06168	YLR355C	0.00220280225901539	396	0.0022333577369893	240791.991304348	0.863858272839648	0.0281507601420567	88.1120903606156	23.2814547859714	0.264225427982557
P06169	YLR044C	0.0219716486359488	564	0.0226967607709212	769030.52173913	0.850558687312182	0.0171011543227653	878.865945437952	74.3552525311012	0.0846036337134999
P06182	YAL039C	3.59707921308878e-05	270	1.89322084437221e-05	232.887594782609	0.961078773922011	0.0187629431258088	1.43883168523551	0.0225172024151412	0.0156496431418631
P06634	YOR204W	0.000721318429970133	605	0.000760063347362311	24466.2508695652	0.912930031685264	0.0158673262076984	28.8527371988053	2.36556834933127	0.0819876579830774
P06704	YOR257W	3.39724147902829e-05	162	2.67108068195808e-05	900.43842173913	0.965995709955272	0.0729150345603382	1.35889659161132	0.0870606878979386	0.0640671913046055
P06774	YGL237C	2.37326090938752e-05	266	1.37036189018226e-05	544.769078260869	0.835990155823029	0.0220203975433355	0.949304363755008	0.0526720867900257	0.0554849306514081
P06780	YPR165W	0.000547269908848507	210	0.000266872353093509	7575.56039130435	0.932553357658529	0.0243437875841633	21.8907963539403	0.732458192538578	0.0334596412435557
P06782	YDR477W	9.21680628022511e-05	634	7.40252564446384e-05	373.153426086957	0.950183001430738	0.00988019622355624	3.68672251209004	0.0360790845684448	0.00978622189495655
P06785	YOR074C	5.890954317829e-05	305	4.04037113985716e-05	2075.32473913043	0.8903736124508	0.0232077972682413	2.3563817271316	0.200656918938817	0.085154674486071
P06787	YBR109C	0.000393734346297555	148	0.000176486325684771	25966.72	0.939345972593347	0.0361458436137667	15.7493738519022	2.51064420517155	0.159412318786776
P07170	YDR226W	0.00144229972124813	223	0.000708345311053399	75763.1334782609	0.88797961363402	0.0224990973795206	57.6919888499252	7.32530993644303	0.126972740626059
P07213	YNL121C	0.000247255542025908	618	0.000234718670275393	22783.8917391304	0.944817478335066	0.0131620178856454	9.89022168103632	2.20290609542151	0.222735765331266
P07244	YGL234W	0.000434807588815021	803	0.000555462638566998	41493.4795652174	0.847978005999623	0.0138670663140226	17.3923035526008	4.01187997647824	0.230669845678855
P07246	YMR083W	0.000622074669763558	376	0.000391737071374854	61456.6578260869	0.873578309633369	0.0149693091774433	24.8829867905423	5.94205975341805	0.23880010078519
P07257	YPR191W	0.000128091113441698	369	7.69824095462045e-05	11028.4682608696	0.880028107120905	0.0143604782991717	5.12364453766792	1.06630948887925	0.208115430537769
P07258	YOR303W	0.000103328719628412	412	2.6925093276216e-05	1790.67286956522	0.982304511073766	0.00351442010847347	4.13314878513648	0.173134784190372	0.0418893180939904
P07260	YOL139C	0.000844893395541623	214	0.0003232725484799	42859.6460869565	0.927349500668483	0.0164985848685846	33.7957358216649	4.14397051625776	0.12261814739365
P07267	YPL154C	0.000509925847559913	406	0.000324965411487318	56004.3043478261	0.915198790641834	0.0135924265091863	20.3970339023965	5.41488806347252	0.265474288535467
P07273	YGL043W	0.000116440935172083	310	8.4096719906494e-05	3179.68491304348	0.954446834619821	0.0244632727635438	4.65763740688332	0.307434188885004	0.0660064668045349
P07278	YIL033C	9.62671559186349e-05	417	9.03003128260837e-05	5083.23452173913	0.957948441714369	0.0232188764617573	3.8506862367454	0.491482686127948	0.127635090451657
P07281	YNL302C	0.00397861768410468	145	0.00171460236844392	241910.530434783	0.972729580079016	0.0351464628450525	159.144707364187	23.3896029766587	0.146970661884054
P07283	YFL045C	0.000969307051479982	255	0.000503208886116498	81027.4969565217	0.936796192651803	0.0200154369361188	38.7722820591993	7.83430543763118	0.202059435801829
P07342	YMR108W	0.000470548152874985	688	0.000499941017652811	30773.1234782609	0.883780630796947	0.0132667519715734	18.8219261149994	2.97536092874742	0.158079513784528
P07347	YHR013C	0.000172027679521359	239	7.92324173408744e-05	102.042321826087	0.965295650564132	0.0184454418126414	6.88110718085436	0.0098661657681415	0.00143380498353413
P07560	YFL005W	0.000319990171664356	216	0.000142575493922247	1912.02426086957	0.89696471762316	0.0204107364197404	12.7996068665742	0.184867885920886	0.0144432471909479
P07703	YPR110C	0.000346861209833561	336	0.000178382760825993	16135.0160869565	0.962295083048619	0.013092064155403	13.8744483933424	1.56004626841846	0.112440237203739
P07807	YOR236W	7.17719107139883e-05	212	1.86429217272646e-05	2237.71513043478	0.930551231190661	0.00940174160172431	2.87087642855953	0.216357958380988	0.075363034169167
P08518	YOR151C	0.000278017518281833	1225	0.000250661582649054	1648.24465217391	0.969905363277635	0.00440382367198381	11.1207007312733	0.159363827417765	0.0143303764096094
P08679	YCR005C	0.000116222331624636	461	6.7671663005404e-05	609.306243478261	0.889338219580061	0.0098364908856625	4.64889326498544	0.058911991555481	0.0126722615894829
P09064	YPL237W	0.000465230629692846	286	0.000256329459427056	21952.9039130435	0.916573380660535	0.0184364386180002	18.6092251877138	2.12256037712774	0.114059578285349
P09440	YBR084W	0.000294381866952322	976	0.000244436561083801	4918.55473913043	0.958403796411087	0.00546347161670146	11.7752746780929	0.475560292313271	0.0403863438700092
P09620	YGL203C	8.24864466124742e-05	730	7.94252751518461e-05	697.98698173913	0.856333592661411	0.0104923100440524	3.29945786449897	0.0674862659199361	0.0204537438244219
P09624	YFL018C	0.000333125505924152	500	0.000278175963681017	11643.99	0.843191122476546	0.0149067315347786	13.3250202369661	1.12582243805053	0.0844893604684583
P09733	YML085C	0.000442970670058276	448	0.000264375915873709	6775.91926086956	0.965987766191846	0.0106486151822417	17.718826802331	0.655143292145193	0.0369744170680084
P09938	YJL026W	0.000396173311831565	400	0.000364811978098638	15313.2717391304	0.815663237073981	0.024032263961363	15.8469324732626	1.48059427428897	0.0934309701128009
P0C0T4	YLR333C	0.00231219591802812	109	0.0011568040074996	39696.3395652174	0.895275322232973	0.0671043290418416	92.4878367211248	3.83811990486034	0.04149864502111
P0C0V8	YKR057W	0.00228639347481955	88	0.000676920202187843	280578.62173913	0.875817779344572	0.0422669534837428	91.455738992782	27.1283046439583	0.296627690538911
P0C0X0	YLR264W	0.00168771782784702	68	0.000473273068124557	184395.269565217	0.827173457929579	0.0572197975397775	67.5087131138808	17.8286250629636	0.264093688660431
P0C2H8	YDL075W	0.00411912899888311	114	0.00131271883334739	39521.4047826087	0.847944394246908	0.0320845556319858	164.765159955324	3.82120598588099	0.0231918324657779
P0C5N3	YGL041W-A	3.9683906157302e-05	155	1.03607501783131e-05	433.104256521739	0.935750134566159	0.0150970942258651	1.58735624629208	0.0418755503918645	0.0263806883235455
P0CH08	YKR094C	0.00338167272532823	129	0.00213251453049677	162299.956521739	0.977054845914174	0.0737000112711414	135.266909013129	15.6922955745238	0.116009862936993
P0CH08	YIL148W	0.0044357005877682	129	0.00214413957076923	162299.956521739	0.977054845914174	0.0496179935694262	177.428023510728	15.6922955745238	0.0884431628331527
P0CS90	YJR045C	0.00138539721081818	655	0.00178514546996824	216129.32173913	0.95821331098462	0.0190199505656524	55.4158884327272	20.8968953026028	0.377092128153298
P0CX25	YJR094W-A	0.00371253385234759	93	0.000731070389779565	15315.3656521739	0.804973183736585	0.0212202450798398	148.501354093904	1.48079672845526	0.00997160421526452
P0CX25	YPR043W	0.00253245980082782	93	0.00125031861717521	15315.3656521739	0.804973183736585	0.0833253891650822	101.298392033113	1.48079672845526	0.0146181661794909
P0CX29	YGR118W	0.00289146038663081	146	0.00204419636739456	45253.0460869565	0.868324103901844	0.072667350174559	115.658415465232	4.37538117731382	0.0378302016304994
P0CX29	YPR132W	0.00417421332655867	146	0.00225121851314985	45253.0460869565	0.868324103901844	0.0485732060332751	166.968533062347	4.37538117731382	0.026204824927581
P0CX31	YER074W	0.00371940635544566	136	0.00217916469210625	14398.267826087	0.900700772557161	0.0610635310040734	148.776254217826	1.39212529276217	0.00935717396624281
P0CX31	YIL069C	0.00270177677659572	136	0.0019003351547325	14398.267826087	0.900700772557161	0.0801461396086377	108.071071063829	1.39212529276217	0.012881572090092
P0CX33	YLR287C-A	0.00312102826098156	64	0.00108722519503014	3578.13108695652	0.819468446128962	0.0864804733830976	124.841130439262	0.345958753312376	0.00277119209106082
P0CX33	YOR182C	0.00349282012027191	64	0.00107377871987628	3578.13108695652	0.819468446128962	0.0718025873753224	139.712804810876	0.345958753312376	0.00247621364255543
P0CX37	YPL090C	0.00468940744501282	237	0.0040012852901669	98980.4439130435	0.94777948515067	0.046751365146581	187.576297800513	9.57012198443199	0.0510198894884353
P0CX37	YBR181C	0.00438274505893494	237	0.00388483131530849	98980.4439130435	0.94777948515067	0.0494781839988151	175.309802357398	9.57012198443199	0.0545897711122949
P0CX41	YER117W	0.00353999512992454	138	0.00159225551602804	53170.0539130435	0.861364150552089	0.0403186372437025	141.599805196982	5.14085289730244	0.03630550826077
P0CX41	YBL087C	0.0029171530444408	138	0.00135874756423263	53170.0539130435	0.861364150552089	0.0424697076925507	116.686121777632	5.14085289730244	0.0440571065263385
P0CX43	YGL135W	0.00358635397690296	218	0.00256354102369569	15728.0291304348	0.840464773098478	0.0406793764155946	143.454159076118	1.52069592135993	0.0106005704620459
P0CX43	YPL220W	0.00343339560852988	218	0.00254860525766821	15728.0291304348	0.840464773098478	0.0430295062240402	137.335824341195	1.52069592135993	0.0110728277101387
P0CX47	YDR025W	0.00300333202960345	157	0.00181591700514105	46928.6582608696	0.831510477874732	0.0516815226117728	120.133281184138	4.53739108825173	0.0377696425464057
P0CX47	YBR048W	0.00283115336535911	157	0.00171892024054512	46928.6582608696	0.831510477874732	0.0520012012280083	113.246134614364	4.53739108825173	0.0400666310042533
P0CX49	YNL301C	0.00140228382157311	187	0.00158448763197501	13214.1852173913	0.8332310932213	0.101025644858993	56.0913528629244	1.27763989992217	0.0227778406957745
P0CX49	YOL120C	0.00446999608308861	187	0.00206724287580568	13214.1852173913	0.8332310932213	0.0267363522661463	178.799843323544	1.27763989992217	0.00714564328566125
P0CX51	YMR143W	0.0027079261951034	144	0.00115207899113079	25868.8369565217	0.836257900994953	0.0348370981748265	108.317047804136	2.50118018754077	0.0230912883820793
P0CX51	YDL083C	0.00289789694104465	144	0.00126507223971454	25868.8369565217	0.836257900994953	0.0361983764636934	115.915877641786	2.50118018754077	0.0215775460482657
P0CX53	YDR418W	0.00291460927443678	166	0.00123454713396686	133773.808695652	0.940083693484371	0.0280094835054792	116.584370977471	12.9341879762044	0.110942726437181
P0CX53	YEL054C	0.0020136059390137	166	0.000878242328196637	133773.808695652	0.940083693484371	0.0292565039934994	80.544237560548	12.9341879762044	0.160584895554834
P0CX55	YDR450W	0.00349614076578271	147	0.0016597450355453	68273.6039130435	0.833942204535924	0.0397703713482894	139.845630631308	6.6011698062158	0.0472032610272912
P0CX55	YML026C	0.00283545274705212	147	0.00155026608485037	68273.6039130435	0.833942204535924	0.0490711022608064	113.418109882085	6.6011698062158	0.0582020791307377
P0CX80	YHR055C	0.0003132939959787	62	0.00011613254517346	65073.2934782609	0.971974690363313	0.0994454119629639	12.531759839148	6.29174139755129	0.502063674879605
P0CX80	YHR053C	0.00029240772958012	62	0.00011613254517346	65073.2934782609	0.971974690363313	0.110197696909566	11.6963091832048	6.29174139755129	0.537925365942434
P0CX82	YBR084C-A	0.00409016304521981	190	0.00217043251899837	57438.2991304348	0.931732650408226	0.0320395788910871	163.606521808792	5.5535367141763	0.0339444702618074
P0CX82	YBL027W	0.00510823112250323	190	0.0024582620875508	57438.2991304348	0.931732650408226	0.027702605251929	204.329244900129	5.5535367141763	0.0271793531899495
P0CX84	YDL191W	0.00313570178013723	121	0.00171498808406586	98846.2826086956	0.814288975370282	0.0655886191360782	125.428071205489	9.55715033066443	0.0761962632352603
P0CX84	YDL136W	0.00289891883854836	121	0.00165622002333365	98846.2826086956	0.814288975370282	0.0699900051928374	115.956753541934	9.55715033066443	0.0824199543255425
P10080	YHL034C	0.000311665575208641	295	0.000482176670397751	49558.9447826087	0.914637917995108	0.0818258901459033	12.4666230083456	4.79170559596565	0.384362757481147
P10081	YKR059W	0.00161500681487656	396	0.00229616509742909	15516.5773913043	0.903506603247383	0.0465595889444661	64.6002725950624	1.50025128747774	0.0232236061429934
P10081	YJL138C	0.0015945688648022	396	0.00226822214348385	15516.5773913043	0.903506603247383	0.0465936704499747	63.782754592088	1.50025128747774	0.0235212683596428
P10507	YLR163C	7.93610457056196e-05	463	4.86751686246913e-05	2064.56447826087	0.850902514544497	0.0105596034608617	3.17444182822478	0.19961654161745	0.0628824065517936
P10591	YAL005C	0.00319029598605962	643	0.0076165549573511	230014.330434783	0.924455627092332	0.04894518206189	127.611839442385	22.2393951108381	0.174273760240553
P10592	YLL024C	0.00451284499681475	640	0.00811113881358803	802615.77826087	0.960286834681098	0.0323040721317854	180.51379987259	77.6025101618496	0.429897936981122
P10614	YHR007C	0.000682530538822523	531	0.000429687202844953	5147.82165217391	0.921349296228208	0.00895255261041898	27.3012215529009	0.497727421880277	0.0182309579414182
P10622	YDL130W	0.00349605843705764	107	0.00101371422608143	426714.160869565	0.959349682580457	0.0306333448183203	139.842337482306	41.2577112262085	0.295030188775476
P10659	YLR180W	0.000770037923449475	383	0.000641873652205152	74977.3217391304	0.889177238563686	0.0221058617479989	30.801516937979	7.24933215837928	0.235356335630362
P10662	YDR347W	0.000108582639600071	322	2.85108130553167e-05	843.32197826087	0.93385868964443	0.00512944254613204	4.34330558400284	0.0815382704405661	0.0187733211176496
P11075	YDR170C	0.000215261031416111	2010	0.000319768964913914	524.742086956522	0.964930182164571	0.0044309973748624	8.61044125664444	0.0507357371214776	0.00589235041610977
P11353	YDR044W	9.49563312026627e-05	329	5.92930625509667e-05	3526.72391304348	0.892403687309563	0.018031591464539	3.79825324810651	0.34098834799014	0.0897750428200459
P11484	YDL229W	0.0030417581404362	614	0.00571723766328762	557663.426086957	0.923581715440608	0.036726006920968	121.670325617448	53.9188025727288	0.443154913074357
P11491	YDR481C	0.000276061555480702	567	0.000202597130425773	284.066117391304	0.989197883884133	0.0102012991196228	11.0424622192281	0.0274655001291675	0.00248726231377475
P11632	YPR052C	0.000380563327384765	94	9.32360372819863e-05	56950.3782608696	0.867825404432142	0.0289074649452137	15.2225330953906	5.50636111002775	0.361724364501141
P11745	YMR235C	0.000288030828165712	408	0.000167507723151755	15209.6539130435	0.922564762399419	0.0117758798479232	11.5212331266285	1.47057577774349	0.127640484449934
P11938	YNL216W	9.5987276827532e-05	828	0.0001231289979826	1131.25647826087	0.984342126099168	0.0133300924901015	3.83949107310128	0.109377792871353	0.0284875757721206
P12385	YBR143C	0.000535127126769098	438	0.000368465562184269	12723.1126086957	0.897922097796373	0.0136232814739326	21.4050850707639	1.23015956357857	0.0574704356236724
P12630	YIL015W	0.000237572400068542	588	0.000220393620649329	7321.239	0.929741876287171	0.0136962906577544	9.50289600274168	0.707868620681623	0.0744897787450685
P12688	YKL126W	0.000121936231474529	681	8.55538678116135e-05	698.04927826087	0.906113442360707	0.00726456246251373	4.87744925898116	0.0674922891836101	0.0138376199525464
P12695	YNL071W	0.000536545697529981	483	0.000477815941005224	15523.8547826087	0.816727217410013	0.0172710218909072	21.4618279011992	1.50095491659636	0.0699360242522723
P12904	YGL115W	0.000151845743252215	323	4.95216001284004e-05	36.4729687086957	0.975607516515727	0.00704950482580209	6.0738297300886	0.00352646185324485	0.0005805993927975
P12962	YOR276W	0.000454630844987609	162	0.000201139982520654	8470.98404347826	0.960948871833908	0.0309892714453976	18.1852337995044	0.819034017421504	0.0450384100887296
P13298	YML106W	0.000591854222946546	227	0.00017915419206988	7120.91847826087	0.931488730826724	0.0106638579910612	23.6741689178618	0.688500230793286	0.0290823400467428
P13517	YIL034C	0.000133204339609694	288	5.28430402062464e-05	8842.39434782609	0.820059038070944	0.0111913451123875	5.32817358438776	0.854944564781813	0.160457340820673
P14120	YGL030W	0.00354431073972696	106	0.000956671171325129	28276.8460869565	0.8833729260796	0.0279237946597234	141.772429589078	2.73400336156222	0.0192844502241135
P14164	YKL112W	8.11554142133349e-05	732	8.78145899291151e-05	2240.69756521739	0.942129978503463	0.0124310739012501	3.2462165685334	0.216646321046903	0.0667380984826842
P14359	YJL151C	0.000259714487959955	134	8.60788696303698e-05	11899.3839130435	0.972241866703996	0.0267411920308271	10.3885795183982	1.15051570881475	0.110748125552409
P14540	YKL060C	0.0159498988657373	360	0.0107789623414053	1439727.69565217	0.940612386863072	0.0177394261335359	637.995954629492	139.202948855847	0.218187823677797
P14743	YLR195C	0.00010187780271281	456	8.0325278269714e-05	289.168247826087	0.898696413444806	0.0156964724525534	4.0751121085124	0.0279588098044025	0.00686086886934964
P14832	YDR155C	0.00294044674692033	163	0.00162766635298701	201782.673913043	0.952536434412054	0.04285914502345	117.617869876813	19.5097609926784	0.165874122810691
P14904	YKL103C	9.93212940002377e-05	515	8.31645738201307e-05	1984.44752173913	0.901788542329245	0.0143232602367227	3.97285176000951	0.191870273601032	0.0482953518508761
P14906	YOR254C	0.000231101504865011	664	0.000186600646437954	4456.02795652174	0.838213413660269	0.00929662771493201	9.24406019460044	0.430839966199956	0.0466072220572097
P14922	YBR112C	8.63745391188432e-05	967	0.000134175464822146	3993.16982608696	0.86580185833343	0.0140689720667687	3.45498156475373	0.386087603060036	0.111748093535068
P15108	YMR186W	0.00316698368649828	706	0.00461762671106396	239065.117391304	0.899967525181995	0.0204467012532716	126.679347459931	23.1144885313637	0.182464537391739
P15180	YDR037W	0.000770516241573966	592	0.000837592187372935	25988.797826087	0.924239227504462	0.0171661423024567	30.8206496629586	2.51277884389866	0.0815290680559082
P15454	YDR454C	0.000575150006092812	188	0.000211725733478434	30118.712173913	0.912592991315361	0.0188885444689298	23.0060002437125	2.91208786426104	0.126579493758673
P15496	YPL117C	0.000179231628610652	289	0.000136704045010442	4750.23573913044	0.970181373827407	0.0294513334139442	7.16926514442608	0.459286033493896	0.0640631953542657
P15625	YFL022C	0.000341401357456551	504	0.000352565507101935	24295.8426086957	0.940919603164959	0.0202082021840322	13.656054298262	2.34909208615034	0.172018361588479
P15646	YDL014W	0.000646487254913364	328	0.000674691623038837	5826.10060869565	0.902415906026609	0.0388992504449416	25.8594901965346	0.563308178005083	0.021783421626795
P15700	YKL024C	0.000273992155670152	205	0.000104700362711971	5148.09573913043	0.964761489952151	0.017554382188718	10.9596862268061	0.497753922525299	0.0454168041150533
P15703	YGR282C	0.00106090925453551	314	0.000631148615050559	33261.9295652174	0.836111169463898	0.0179846774737195	42.4363701814204	3.21599611794394	0.0757839585288558
P15705	YOR027W	0.000622508089919372	590	0.00087381731286712	38284.6643478261	0.904844649223404	0.0252391023323779	24.9003235967749	3.7016292659145	0.148657877939945
P15891	YCR088W	0.000269144021390808	593	0.000410187135291147	35975.3934782609	0.844988381627247	0.0283108507179982	10.7657608556323	3.47835279792604	0.323094005576602
P16120	YCR053W	0.000544695577539278	515	0.000526962539834513	76848.1565217391	0.86727717950987	0.0177578009481337	21.7878231015711	7.43021755729719	0.34102615587885
P16140	YBR127C	0.0011205804490659	518	0.000944638986785061	23755.0008695652	0.904213495046478	0.0143431159661077	44.823217962636	2.29679972199103	0.0512412947215349
P16387	YER178W	0.00113846275474588	421	0.00057287341316861	10167.6591304348	0.849714132847447	0.00906124373167939	45.5385101898352	0.983080438191103	0.021587891964251
P16474	YJL034W	0.000920494150605646	683	0.000661234433562145	73053.7943478261	0.894164548224842	0.0074908947329961	36.8197660242258	7.06335206930885	0.191835875998274
P16521	YLR249W	0.00595010255651394	1045	0.0074298043103935	139784.07826087	0.908923353012998	0.00905748428628577	238.004102260558	13.5153028977437	0.0567860081795887
P16547	YIL136W	1.47900211299589e-05	394	1.76250610582472e-05	741.495630434783	0.932350495080355	0.0360740277660076	0.591600845198356	0.0716929865501346	0.121184726377625
P16550	YCL050C	0.000235262385800154	322	0.000223940061506642	39312.2004347826	0.943360927725421	0.0348658157779133	9.41049543200616	3.80097864551739	0.403908452321206
P16603	YHR042W	0.000244206331547559	692	0.00019205423675932	8873.07639130435	0.919637296947549	0.00840627232894275	9.76825326190236	0.857911119458781	0.0878264615440267
P16622	YOR176W	0.000124071843923544	394	8.09038517026291e-05	4701.53734782609	0.862835417814956	0.0147067411695986	4.96287375694176	0.454577532230377	0.0915956267464072
P16649	YCR084C	0.000193380792149037	714	0.000150986237345179	3897.18517391304	0.947717042992589	0.00793780254598418	7.73523168596148	0.376807135185547	0.0487131026559174
P16861	YGR240C	0.0011561806278386	988	0.001913995916343	51657.3017391304	0.881955936147823	0.0149792663182736	46.247225113544	4.99458943086172	0.107997602420453
P16862	YMR205C	0.00110424711405555	960	0.00156947686568771	37110.4656521739	0.914427973596026	0.0124600425397713	44.169884562222	3.58809951895534	0.0812340705554889
P17076	YHL033C	0.00223907683701898	257	0.00168745227438824	3997.24786956522	0.955793509313709	0.0344508863253808	89.5630734807592	0.386481896841735	0.00431519243167513
P17255	YDL185W	0.00116433628875535	1072	0.00187272434479505	84343.2604347826	0.931354281586161	0.0127094115931678	46.573451550214	8.15489665448164	0.175097536966726
P17505	YKL085W	0.000172498738979914	335	0.000117268263393627	23611.0478260869	0.86558196282906	0.0199198581982631	6.89994955919656	2.28288133436157	0.330854785933738
P17536	YNL079C	0.000617528573907016	200	0.000419187166469827	63839.4404347826	0.87086007729957	0.0428233953186171	24.7011429562806	6.17244385078212	0.249884949117817
P17649	YGR019W	7.95625147979806e-05	472	5.95180633304337e-05	1589.20456521739	0.926380755161529	0.0137891764964843	3.18250059191922	0.153655418647223	0.048281348018402
P17695	YDR513W	0.000205707967498514	144	8.43860066229515e-05	5943.24108695652	0.846519942235742	0.0329982875882001	8.22831869994056	0.574634139194508	0.0698361548877123
P17891	YGR167W	0.000288458083049619	234	0.00017842561811732	12684.1295652174	0.87664643464531	0.0295210224050337	11.5383233219848	1.22639041013105	0.106288442081903
P17898	YNL130C	0.000161868564588995	394	6.75430911314228e-05	429.894165217391	0.921590561601811	0.00756851277597973	6.4747425835598	0.0415651763002837	0.00641958746063866
P17967	YCL043C	0.00102413590865198	523	0.000865127997050561	84958.4265217391	0.957477506748586	0.0141832099069134	40.9654363460792	8.21437521671188	0.200519656310168
P18562	YHR128W	0.000392363433059038	217	0.000167154150498307	2618.00243478261	0.925878263096792	0.0189620956039076	15.6945373223615	0.253126796222702	0.0161283375880121
P18759	YBR080C	0.000126039949502103	759	0.000134818324192052	2981.455	0.811433122081632	0.0115783597654636	5.04159798008412	0.288267933675479	0.0571778897909407
P18852	YJR086W	0.000131244782099185	111	2.49429435523402e-05	609.184365217391	0.99658776774225	0.0154687481293191	5.2497912839674	0.0589002075123138	0.0112195331826223
P18899	YMR173W	0.000148723785562046	431	0.000363365544516351	52246.7430434783	0.958384897580117	0.0918700829297287	5.94895142248184	5.05158074108688	0.849154814409195
P19097	YPL231W	0.000999161150275502	1888	0.0019407495804539	49524.5834782609	0.848509975729817	0.00724895242640808	39.9664460110201	4.78838330460028	0.11981008527203
P19524	YOR326W	0.000214899789559104	1575	0.000218111469886164	555.487965217391	0.965697838881239	0.00361361083596677	8.59599158236416	0.0537084637919451	0.00624808240879799
P19812	YGR184C	0.000108686734808602	1951	0.000104218218184542	38.2544078391304	0.894973216736925	0.00241471144843827	4.34746939234408	0.00369870385491821	0.000850771683736669
P19880	YML007W	8.77720480797469e-05	651	5.58537649219713e-05	222.283	0.875665624656878	0.00671761166369678	3.51088192318988	0.0214918759804144	0.00612150349986353
P19881	YDL236W	0.000131873750703494	313	8.77931612834516e-05	2956.82430434783	0.846686218929261	0.0213626627365005	5.27495002813976	0.285886465653778	0.0541969998063844
P19882	YLR259C	0.00115765685459983	573	0.00119545056995376	157091.339130435	0.925699034675302	0.016694433113203	46.3062741839932	15.1886899951347	0.32800501147607
P20134	YOR140W	2.55359795505455e-05	767	1.68964871056875e-05	3784.00191304348	0.975857552942944	0.00557778203750289	1.02143918202182	0.365863785466191	0.358184600616168
P20424	YPR088C	0.000225481118569541	542	0.000162161276058706	1326.91765217391	0.93029539949705	0.0105856355410313	9.01924474278164	0.128295684405665	0.0142246593882867
P20435	YPR187W	0.000365241889329014	156	0.000100457490870593	5886.90439130435	0.960981399707515	0.0161586515537365	14.6096755731606	0.569187113213652	0.0389595997777874
P20436	YOR224C	0.000382097904165859	147	0.00012136113471536	2379.94308695652	0.877227867388754	0.0218684733523786	15.2839161666344	0.230109552531297	0.0150556670177005
P20448	YJL033W	8.18790404535772e-05	771	8.84145920076937e-05	230.472590434783	0.995079469900005	0.0114716552093967	3.27516161814309	0.0222837028945498	0.00680384832647859
P20449	YOR046C	0.000259726992870541	483	0.000197572113017677	7183.96304347826	0.861547288470917	0.0136604702266679	10.3890797148216	0.6945958205455	0.0668582626769675
P20459	YJR007W	0.000328513578624878	305	0.000226929357576703	14744.0147826087	0.905914541310929	0.0234557642789567	13.1405431449951	1.42555452806208	0.108485205849732
P21147	YGL055W	0.000378538032649411	511	0.000280222399341883	1133.64504347826	0.816874718556603	0.0120632575680757	15.1415213059764	0.109608736071793	0.0072389513482063
P21243	YGL011C	0.0002943064810709	253	0.00013614690022319	2021.48273913043	0.913558862703846	0.0170581567696195	11.772259242836	0.195451097591537	0.0166026837805563
P21304	YLR196W	0.000124557439649071	577	0.000136607616104956	3490.02904347826	0.931359446344143	0.0180715091371335	4.98229758596284	0.33744043120922	0.0677278756210643
P21524	YER070W	0.000369074893612928	889	0.000372944149127945	8017.00595652174	0.978273160761259	0.00840819247667276	14.7629957445171	0.775140239027766	0.0525056196209802
P21538	YBR049C	0.000109376046109457	811	0.000115114684504443	1295.24834782609	0.922438559954533	0.0102413424170509	4.37504184437828	0.125233674438958	0.0286245660941227
P21576	YKR001C	0.000230748804839631	705	0.000303740337957599	13436.2286956522	0.914923029454319	0.0175976041700242	9.22995219358524	1.29910861726467	0.14074922491663
P21827	YGL097W	0.000150138958459358	483	0.000111653958229784	1757.11260434783	0.979190879011027	0.0132081203579051	6.00555833837432	0.169889942893818	0.0282887840433179
P21957	YHL020C	6.59464522399609e-05	405	2.22429341987363e-05	7.91220191304348	0.830385636275656	0.00529284925889663	2.63785808959844	0.000765007050683715	0.000290010692273508
P22137	YGL206C	0.000440196374559431	1654	0.000918849611729012	10774.8286956522	0.877963425934012	0.00982457122059731	17.6078549823772	1.04178584073981	0.0591659711976546
P22138	YPR010C	0.000338660227740597	1204	0.000388094201612056	3553.14343478261	0.862599176380353	0.00645653659070838	13.5464091096239	0.343542772236165	0.0253604309050507
P22139	YOR210W	0.00041037100881717	71	6.92038111703458e-05	6377.11208695652	0.927841466563381	0.0251761678186985	16.4148403526868	0.616583823711536	0.0375625842508187
P22140	YHR123W	7.72179121891379e-05	392	4.14001434219254e-05	118.243256217391	0.96024533510615	0.0110738890254665	3.08871648756552	0.0114325854795218	0.00370140332579788
P22146	YMR307W	0.00131113537317086	560	0.00111091456281116	34693.4273913044	0.962492708048747	0.0128691156963471	52.4454149268344	3.35440334541745	0.0639598971635006
P22202	YER103W	2.66843978949198e-05	643	3.24536838574048e-05	1259.06176521739	0.962206226215756	0.0179398637404326	1.06737591579679	0.121734902397996	0.114050636328178
P22203	YOR332W	0.000596285054169717	234	0.000624752164319998	81865.2339130435	0.932504915288605	0.0646729823380082	23.8514021667887	7.91530370908593	0.331859051880288
P22213	YDR189W	8.59092531701712e-05	667	7.76145545932784e-05	614.25177826087	0.878882413272272	0.0109149050686685	3.43637012680685	0.0593901604672046	0.0172828182866295
P22214	YLR268W	0.000115943064868396	215	4.90823128922982e-05	3217.16413043478	0.860585346085501	0.0190449782276969	4.63772259473584	0.311057941902629	0.0670712694751736
P22217	YLR043C	0.00096654210201698	104	0.000209036438447662	104852.113043478	0.940750604338449	0.020657934057225	38.6616840806792	10.1378360460081	0.26221920454506
P22336	YAR007C	8.4577626191999e-05	622	0.000103436072617823	853.71022173913	0.982579831746013	0.019004846265019	3.38310504767996	0.0825426785171582	0.0243984970474871
P22515	YKL210W	0.000483710647157162	1025	0.000781149134695217	13415.4052173913	0.907973005298924	0.0136681026594384	19.3484258862865	1.29709525766333	0.067038800225225
P22517	YOL016C	4.91386713930878e-05	448	3.1907253392985e-05	354.643282608696	0.831369572014644	0.0120721712693418	1.96554685572351	0.034289394362651	0.017445218496218
P22579	YOL004W	0.000142911933732769	1537	0.000173807744976831	837.422391304348	0.847440451406784	0.00490485328933314	5.71647734931076	0.0809678570881944	0.0141639426067098
P22696	YJR017C	0.000217717952371163	171	5.99894935350312e-05	8460.98521739131	0.846408938357357	0.0141329401157328	8.70871809484652	0.818067260943454	0.0939365876853396
P22803	YGR209C	0.00078159392615829	105	0.000246268710288032	222662.013043478	0.948182841989003	0.0356529272898454	31.2637570463316	21.5285216137979	0.68860954817086
P22936	YKL114C	8.35734436736659e-05	368	4.4560868657295e-05	522.347830434783	0.948017917064072	0.0120659489307882	3.34293774694664	0.0505042436459059	0.0151077427906144
P22943	YFL014W	3.67883101338625e-05	110	1.46571936338494e-05	69504.0304347826	0.983877113365713	0.047172161888145	1.4715324053545	6.72013605288437	4.56676049296071
P23254	YPR074C	0.00110764685900839	681	0.0011329539248761	62398.6839130435	0.806512988907881	0.0127295981098748	44.3058743603356	6.03314142782044	0.136170237353933
P23285	YHR057C	5.57896509020322e-05	206	2.40107974659769e-05	3203.76547826087	0.865897058745371	0.0208012578890054	2.23158603608129	0.309762466446448	0.138808211486391
P23292	YNL154C	0.00016897065883056	547	0.000120611132117136	864.523373913043	0.946931603826231	0.0103259483429393	6.7588263532224	0.0835881697399646	0.0123672610260378
P23301	YEL034W	0.00229689444182612	158	0.00196884253491878	213383.504347826	0.952055099285448	0.0860580749765404	91.8757776730448	20.6314104619323	0.224557668892367
P23615	YGR116W	0.000195869881530898	1452	0.000240932977517815	475.755969565217	0.966854264815692	0.00542907293067886	7.83479526123592	0.0459994164863596	0.00587117020325344
P23644	YMR203W	0.000277846556742966	388	0.00024187583792701	14787.3	0.94589393244213	0.0231299963988881	11.1138622697186	1.4297396457902	0.128644715139734
P23724	YBL041W	0.000299657507999462	242	0.000154468392265502	3923.4372173913	0.923456965437078	0.021409641838205	11.9863003199785	0.379345366461295	0.0316482447739951
P23968	YHR026W	0.000356262121128115	214	0.000108332518151938	356.661886956522	0.90702560261211	0.0117211210367616	14.2504848451246	0.0344845671572282	0.00241988729029287
P24000	YGR148C	0.00293231130466987	156	0.00155133751713354	15546.6217391304	0.956829526672024	0.0427721722677914	117.292452186795	1.50315618527645	0.0128154553618044
P24280	YMR079W	0.000371501623646874	305	0.000209197153290138	15421.557826087	0.828955263151881	0.0173058790416776	14.860064945875	1.49106413096391	0.100340350893138
P24521	YMR220W	0.000119968958268392	452	5.57894789849808e-05	54.0501326086956	0.942158021938278	0.00724927561045352	4.79875833073568	0.00522594506440456	0.00108902026404055
P24783	YNL112W	0.000290594022717355	547	0.000300429612202585	7209.21891304348	0.98729215291551	0.0179197813276794	11.6237609086942	0.697037734756093	0.0599666270006234
P25037	YDL122W	0.000101517568902728	810	6.32252190302231e-05	402.013847826087	0.925603057994403	0.00469981287787084	4.06070275610912	0.038869512107932	0.00957211459259234
P25045	YMR296C	0.000142467502285842	559	9.80789112019424e-05	2090.10582608696	0.819500172821348	0.0094736736219651	5.69870009143368	0.202086057864086	0.0354617815680216
P25087	YML008C	0.000538297283802465	384	0.000404229971796688	22064.3595652174	0.907662802189846	0.0188523635864456	21.5318913520986	2.13333668954856	0.0990779980570837
P25293	YKR048C	0.000276880439428544	418	0.000184479210517265	20115.4769565217	0.96138765285375	0.0139068779936988	11.0752175771418	1.94490508062447	0.175608746923273
P25294	YNL007C	0.000321444373305625	353	0.000356894093525967	29231.9786956522	0.95394333658915	0.0382368360474586	12.857774932225	2.82635226620602	0.219816591992323
P25299	YGL044C	3.3245732120972e-05	297	2.78572393625792e-05	192.390865230435	0.872450089892893	0.0325255709823433	1.32982928483888	0.0186016952051985	0.0139880324619654
P25342	YCR002C	0.000122278420308714	323	7.43895434209183e-05	2894.02260869565	0.962942413778264	0.017827355157154	4.89113681234856	0.279814358230734	0.0572084505026096
P25349	YCR004C	0.000272174159006496	248	0.000154500535233997	12186.4647826087	0.868666091615543	0.0238278957603495	10.8869663602598	1.17827269628138	0.10822782557521
P25367	YCL028W	0.000147914377986495	406	0.000195011389860886	3269.71095652174	0.892345846507815	0.0400971783751265	5.9165751194598	0.316138536772346	0.0534326921215885
P25371	YCR011C	0.000115774563815557	1050	0.000117343263653449	84.7396908695652	0.919235621404323	0.0065931153283813	4.63098255262228	0.0081932263231437	0.00176921986426062
P25375	YCL057W	0.000146884938694362	713	0.000113282535300212	4733.5567826087	0.936390044884325	0.00781020038376883	5.87539754777448	0.457673395257738	0.0778965834288265
P25385	YLR078C	6.73901779105204e-05	245	2.12465021753825e-05	267.352652173913	0.902413554673643	0.010113609691761	2.69560711642082	0.0258495253508213	0.00958950033680868
P25386	YDL058W	9.22768310694382e-05	1791	0.000126879010973717	525.200839130435	0.953305658845613	0.00468915492213502	3.69107324277753	0.0507800924920075	0.0137575412764759
P25441	YDL150W	5.20428481893695e-05	423	3.75965588166502e-05	639.631691304348	0.806400470567592	0.0154107657499635	2.08171392757478	0.061844068069334	0.0297082453309918
P25443	YGL123W	0.00423079993327706	255	0.00266014135834685	35326.022173913	0.853266775447054	0.0266174588925711	169.231997331082	3.41556703590966	0.0201827496559502
P25491	YNL064C	0.000770257486617388	410	0.000766288368927564	52865.1969565217	0.963403178695031	0.0259893400691715	30.8102994646955	5.11137719335148	0.165898328875655
P25555	YCL011C	0.000196662742024013	428	8.31431451744672e-05	1172.51043478261	0.926126894262317	0.00682305331516672	7.86650968096052	0.113366514083801	0.0144112851418953
P25560	YCL001W	0.000159299222293932	189	6.28502177311114e-05	894.811652173913	0.922870608760528	0.0207760141063873	6.37196889175728	0.0865166524401392	0.0135776953575615
P25567	YCL037C	0.000271641499195325	435	0.000328286851565164	13285.6847391304	0.95513900349612	0.0317898213593849	10.865659967813	1.28455297403884	0.11822134852775
P25586	YCL059C	0.000186378631151366	317	9.53467588798433e-05	853.358452173913	0.939044615104499	0.0141652143861769	7.45514524605464	0.0825086669739033	0.011067345336775
P25631	YCR051W	0.000193080888702568	223	6.69109460843489e-05	4070.89160869565	0.891779303958431	0.0133912850614547	7.72323554810272	0.393602288901071	0.0509633930558757
P25632	YCR052W	9.56496063480425e-05	484	5.61751946069242e-05	556.126408695652	0.921575130804108	0.00926716929310785	3.8259842539217	0.0537701929752622	0.0140539504103152
P25644	YCR077C	0.00013160706380636	797	0.000121028990707575	1010.0812173913	0.899172552623187	0.00859827694167015	5.2642825522544	0.0976617206638377	0.0185517626940474
P25651	YCR086W	2.71193406641248e-05	191	1.2385757193516e-05	530.855343478261	0.871818688492656	0.0254288957114454	1.08477362656499	0.051326809542678	0.0473156871495924
P25694	YDL126C	0.000857361248803911	836	0.00117112905712566	57096.787826087	0.914738508640688	0.0144289623941638	34.2944499521564	5.52051701136973	0.160974064872634
P26321	YPL131W	0.00503965282636475	298	0.00330365430194526	59027.3939130435	0.846390570098616	0.0224600512880934	201.58611305459	5.70718151827265	0.0283113823258606
P26754	YNL312W	0.000122287565218693	274	6.40609362111004e-05	845.884352173913	0.913857946210112	0.0182289120704597	4.89150260874772	0.0817860186820177	0.016720019434469
P26755	YJL173C	0.000165816578359458	123	4.17001444612147e-05	8750.13391304348	0.872147571367506	0.0201432508531841	6.63266313437832	0.846024180306856	0.127554221157676
P26783	YJR123W	0.00692596911316629	226	0.00332685081087602	176596.095652174	0.934160626357653	0.0213397161760833	277.038764526652	17.0745463502919	0.0616323364691054
P26784	YIL133C	0.00224349830520347	200	0.0011770112203603	26344.7926086957	0.81036447067593	0.0291857229598044	89.7399322081388	2.54719891073913	0.0283842303873294
P26785	YNL069C	0.00479261096762994	199	0.00212442521675879	42594.6169565217	0.856982978994709	0.0228825097817108	191.704438705198	4.11834564524872	0.0214827871126234
P26786	YOR096W	0.00401027250070746	191	0.00169525230140976	72832.3013043478	0.900413202440201	0.0226648703780275	160.410900028298	7.04193657185308	0.0438993645108331
P27466	YFR014C	4.27304040749472e-05	447	2.39786544974817e-05	1070.67217391304	0.843970943859055	0.00974804506836263	1.70921616299789	0.103520078356958	0.0605658199343193
P27472	YLR258W	8.75832743243571e-05	706	6.72645187377971e-05	1738.98834782609	0.812147261744424	0.00787641895713957	3.50333097297428	0.168137562939425	0.047993627846323
P27476	YGR159C	0.000298774266205229	415	0.000348922637339136	29747.4013043478	0.966727414797665	0.0324023370684457	11.9509706482092	2.87618693095136	0.240665550574535
P27614	YJL172W	0.000222744610543608	577	0.000204943567125929	7054.01426086956	0.964704214102607	0.0139150954147971	8.90978442174432	0.682031462858983	0.0765485931617476
P27637	YAR014C	7.29548460119414e-05	710	4.74108785305435e-05	383.016269565217	0.921528520667011	0.00609158815793714	2.91819384047766	0.0370326932962783	0.0126902787548262
P27692	YML010W	0.000182406399381772	1064	0.000257679464103858	270.507586956522	0.960690746173463	0.0105950855998937	7.29625597527088	0.026154566523894	0.00358465583068075
P27809	YDR483W	0.000329948789670118	443	0.00014411835641002	2733.32565217391	0.832764941342115	0.00680457280068451	13.1979515868047	0.264277051914033	0.0200240961770353
P27810	YOR099W	0.000292102917316689	394	0.000147118366802914	549.760765217391	0.992092255200119	0.0100139556725479	11.6841166926676	0.0531547180168969	0.00454931420278047
P28000	YNL113W	0.000114326748416003	143	6.83359510209732e-05	15799.6113043478	0.966071106510578	0.0583807843582928	4.57306993664012	1.52761698686718	0.334046277015727
P28007	YHR089C	0.000225515912801173	206	0.000198418544521386	6961.15791304348	0.897293653797765	0.060286070259336	9.02063651204692	0.673053461340773	0.0746126351995139
P28239	YMR267W	5.77730246603808e-05	311	2.16429321201577e-05	423.299665217391	0.960084443094139	0.00916657099439248	2.31092098641523	0.0409275738918546	0.0177105033588113
P28241	YOR136W	0.000347798672562841	370	0.000286897422466071	17452.0069565217	0.808602126107147	0.0229123867260053	13.9119469025136	1.68738216201371	0.121290152545711
P28272	YKL216W	0.000472245113832655	315	0.000316983240977656	29341.2747826087	0.966254020311233	0.0214213221149762	18.8898045533062	2.83691977674895	0.150182590229734
P28274	YBL039C	0.00031620186841264	580	0.000298597462998354	9540.75782608696	0.825724961989158	0.0143529791420681	12.6480747365056	0.9224672330202	0.0729334109924036
P28495	YKL007W	0.000134790180178197	269	6.85502374776084e-05	5718.32834782609	0.963210815988899	0.0179277465582967	5.39160720712788	0.552888001632002	0.102546046177301
P28496	YKL008C	0.000143711470231757	419	8.57788685910805e-05	334.063482608696	0.80421413739092	0.0117653597908884	5.74845880927028	0.0322995952808421	0.00561882695040869
P28707	YKL117W	0.000394601247316029	217	0.000390847782579818	9038.34565217391	0.919122182905826	0.0665503862223093	15.7840498926412	0.873890508156897	0.0553654172472125
P28777	YGL148W	0.000499774560163369	377	0.000294826021361574	6160.85613043478	0.87504417531414	0.0135295229202536	19.9909824065348	0.595674684471958	0.0297971691614936
P29029	YLR286C	0.000920321980904748	563	0.000926328209065581	5206.44626086957	0.953610017524895	0.0164965250875376	36.8128792361899	0.503395659305035	0.0136744441008069
P29311	YER177W	0.00139641836317073	268	0.000808642087081516	334515.673913044	0.831726291752475	0.0218698489614328	55.8567345268292	32.3433163005893	0.57904058614551
P29453	YLL045C	0.00288088254642048	257	0.00259087326123951	95918.0260869565	0.88559201763112	0.0448149436441271	115.235301856819	9.27402599815111	0.0804790359266309
P29509	YDR353W	0.000565022458268461	320	0.000448962269619291	33723.8047826087	0.894420816988755	0.0268972813305313	22.6008983307384	3.26065344617237	0.14427096651011
P29547	YPL048W	0.000512843192616095	416	0.000434465790827918	4256.86130434783	0.877771242323617	0.0200244170824855	20.5137277046438	0.411583140495984	0.0200637907659665
P30656	YPR103W	0.000264722548338252	288	0.00015238981363614	2400.5617826087	0.849770997265307	0.0194759545546973	10.5889019335301	0.232103112316951	0.0219194694382794
P30822	YGR218W	0.000226615990424593	1085	0.00027168308404497	1627.9812173913	0.890277279769478	0.00806159932503576	9.06463961698372	0.157404616739102	0.0173646855683248
P31109	YAL030W	0.000128946144672589	118	2.55215169852553e-05	14305.2117391304	0.89537256019862	0.0150027786036694	5.15784578690356	1.38312797906704	0.268160010246716
P31373	YAL012W	0.000588054152367615	395	0.000701423858504081	42747.1195652174	0.897113780900643	0.0359876697481903	23.5221660947046	4.13309066467341	0.175710461699523
P31382	YAL023C	0.000358453676583261	760	0.000280318828247369	2858.62452173913	0.885919545114392	0.00725078237824258	14.3381470633304	0.276391823467332	0.019276676564031
P31383	YAL016W	0.00014787049689655	636	0.000160339841177307	1954.21426086956	0.905335254003002	0.0153715363734261	5.914819875862	0.188947110367261	0.0319446938931043
P31787	YGR037C	0.000976729634054049	88	0.000309922502231526	52114.1013043478	0.948945446562369	0.0468576714466015	39.069185362162	5.03875600951848	0.128970081224126
P32074	YNL287W	0.000283788797532629	936	0.000279354539192511	3301.044	0.939414077661458	0.00749014815310654	11.3515519013052	0.319168034685024	0.0281166872565087
P32178	YPR060C	8.94371057262151e-05	257	4.51822993815371e-05	6822.04865217391	0.941072363501451	0.0189977706611478	3.5774842290486	0.659603404510804	0.184376327687186
P32263	YER023W	0.000489553707537448	287	0.000256575888852186	21077.6665217391	0.911232421381135	0.017025818024219	19.5821483014979	2.03793630120949	0.104071129981872
P32264	YDR300C	0.000135833760494262	429	7.6243121270813e-05	741.687343478261	0.835424048117601	0.010366606221575	5.43335041977048	0.0717115227087893	0.0131983982567829
P32319	YBL017C	0.000130519336257202	1580	0.000182314917305249	1088.96541304348	0.964050209263683	0.00578491939447057	5.22077345028808	0.105288796732504	0.0201672793763335
P32324	YOR133W	0.00353441834921664	843	0.00741348639672073	286005.943478261	0.927515420962344	0.0269787660167391	141.376733968666	27.6530560901922	0.195598351397205
P32324	YDR385W	0.00363407408471094	843	0.00747153659782321	286005.943478261	0.927515420962344	0.0261874393573577	145.362963388438	27.6530560901922	0.190234537364913
P32329	YLR120C	8.00823424808712e-05	570	5.68716255909887e-05	4452.67586956522	0.922611494806339	0.00963856556935876	3.20329369923485	0.430515862975035	0.134397874000086
P32337	YMR308C	0.000240575297829515	1090	0.000198932832017311	694.499413043478	0.987520399961744	0.00460677853773523	9.6230119131806	0.0671490633723723	0.00697796739505212
P32353	YLR056W	0.000678874990830894	366	0.000349072637858781	4340.46934782609	0.968880513718534	0.0115247669565929	27.1549996332358	0.419666951230047	0.0154545003460948
P32366	YLR447C	0.000563265178511994	346	0.000248090145169431	3976.2802173913	0.972410772611586	0.00995189724119839	22.5306071404798	0.384454597497555	0.0170636590084083
P32368	YKL212W	0.000256551298683519	624	0.000230336512237203	513.482530434783	0.894281427997474	0.0119411816424623	10.2620519473408	0.0496470844023777	0.00483792955416124
P32377	YNR043W	0.000248307193538282	397	0.000188057794343073	9310.04043478261	0.815248065185731	0.0181697403982965	9.93228774153128	0.90015986106446	0.0906296600027499
P32379	YGR253C	0.000361568479522544	261	0.000154575535493819	20790.1013043478	0.968057543430961	0.0144822113486282	14.4627391809018	2.01013248360556	0.138986982926441
P32386	YLL048C	0.000164790379834284	1662	0.000158614835201393	194.188524782609	0.904214060888808	0.00308263821513559	6.59161519337136	0.0187755055107564	0.00284839223163958
P32389	YNL103W	4.90656570225185e-05	673	2.97215315353057e-05	150.711995652174	0.944621982055699	0.00594137358509369	1.96262628090074	0.0145718904248966	0.00742468933933201
P32419	YDL078C	0.00017457336471662	344	0.000118982555046709	8128.15495652174	0.945052959001431	0.0192223228787589	6.9829345886648	0.785886902170458	0.112543930090104
P32447	YJL115W	2.71707947702956e-05	280	3.42322614474772e-05	8108.66826086956	0.805115645389473	0.0651483262924428	1.08683179081182	0.784002792066561	0.721365347144418
P32449	YBR249C	0.000526618214174978	371	0.000360536963288766	75354.9921739131	0.878981246574849	0.0172931226772936	21.0647285669991	7.28584797895853	0.345879034509509
P32452	YNL316C	2.46426769971306e-05	335	1.41107631694296e-05	73.5421260869565	0.862543199498356	0.0154303758533847	0.985707079885224	0.00711056739920223	0.00721367183446647
P32454	YKL157W	0.00016611485432113	953	0.000241629408501879	6382.87395652174	0.828880353021336	0.0130379215786434	6.6445941728452	0.617140921582768	0.0928786477441871
P32457	YLR314C	0.000178645728673075	521	0.000184639925359741	5011.38152173913	0.803338923299443	0.019258476050478	7.145829146923	0.484535435259367	0.0678067478660623
P32462	YNL280C	0.000163712170108232	439	7.46466871688805e-05	595.249365217391	0.965624137388838	0.00735234060166072	6.54848680432928	0.0575528741949343	0.0087887287421707
P32463	YKL192C	0.000262072914096468	126	0.000118307552708308	20086.5186956522	0.927357511053199	0.046414038637803	10.4829165638587	1.94210519331318	0.185263822475593
P32465	YHR094C	0.000181712346587646	571	0.000228472220064477	4334.5537826087	0.920451369314231	0.022493564100388	7.26849386350584	0.419094992987599	0.0576591245528623
P32466	YDR345C	0.000440293894876756	568	0.000428412198427973	6934.78869565217	0.839557006543475	0.0154808454275091	17.6117557950702	0.670503900871125	0.038071383039436
P32471	YAL003W	0.0051938695942034	207	0.00236608676822916	86238.7526086956	0.918865523598627	0.0224747987985489	207.754783768136	8.33816610254372	0.0401346527445043
P32472	YDR519W	0.000165439194690223	136	5.03144600179508e-05	3264.65252173913	0.982366190425952	0.023016133377396	6.61756778760892	0.315649451898546	0.0476987107694741
P32473	YBR221C	0.000658500727333432	367	0.000386551339124282	28324.4686956522	0.907113871368964	0.013978825229786	26.3400290933373	2.73860784863479	0.103971329679644
P32474	YDR518W	7.18721425781252e-05	518	6.17894997707671e-05	1367.89573478261	0.964983036032273	0.0147685799361726	2.87488570312501	0.13225773219763	0.0460045183896755
P32476	YGR175C	0.000484954311213307	497	0.000450922990697504	5649.07960869565	0.977252782255809	0.017650217775858	19.3981724485323	0.546192548928955	0.0281569075838524
P32478	YJL159W	0.00136884503532867	414	0.00289232073411111	7840.00652173913	0.904884641895109	0.0785825509724792	54.7538014131468	0.758026695027769	0.013844275200329
P32486	YPR159W	0.000163440104051024	721	0.000136982617404067	5700.25408695652	0.922229342877289	0.00869365844113391	6.53760416204096	0.551140455607131	0.0843031241945171
P32495	YDL208W	0.00035260540821297	157	0.000144514786354796	3575.03452173913	0.896769970496023	0.0289763513220846	14.1042163285188	0.34565935571734	0.0245075194300881
P32496	YFR052W	0.000192476438620369	275	9.73717658950461e-05	11904.4334782609	0.916722727422973	0.017212888170646	7.69905754481476	1.15100393611692	0.149499328900601
P32497	YMR309C	0.000343846262048209	813	0.000378108452732854	5140.73069565217	0.983775125774813	0.0108918966980238	13.7538504819284	0.497041818581115	0.0361383758849345
P32499	YLR335W	0.00013919349520829	721	0.00015336481701383	8524.96126086956	0.882569608230934	0.013061311994625	5.5677398083316	0.824252912532429	0.148040846179452
P32501	YDR211W	0.000174808968770724	713	0.000110486097041122	2865.6862173913	0.963646971288459	0.00580804048019313	6.99235875082896	0.277074597620856	0.039625340674634
P32505	YGL122C	0.00010339893099221	526	0.00011211467411155	6737.33382608696	0.978462484660069	0.0203901975509817	4.1359572396884	0.651412582288848	0.157499834872066
P32521	YIR006C	0.000159245441327593	1481	0.000246247281642369	5987.52986956522	0.907576412880462	0.00741011389231699	6.36981765310372	0.578916288630811	0.0908842796070829
P32527	YGR285C	0.000832839872643377	434	0.000797809906698605	29845.0295652174	0.94375558670431	0.0225735015513415	33.3135949057351	2.88562631441655	0.0866200817588671
P32529	YJR063W	0.000131036457048234	126	3.08893927239677e-05	1381.43514827391	0.815737821693449	0.0176503095522677	5.24145828192936	0.133566817443027	0.0254827588542518
P32558	YGL207W	0.000213116527122963	1036	0.000293626017204417	1488.42195652174	0.979314416747549	0.010621239523246	8.52466108491852	0.143911050760027	0.0168817328133582
P32561	YNL330C	8.16802203801611e-05	434	4.20322884689993e-05	410.987175217391	0.898347964371425	0.00895379797161301	3.26720881520644	0.0397371161956291	0.0121624048058031
P32565	YIL075C	0.000295846456843945	946	0.000312965369915746	2544.40195652174	0.865871983885398	0.0082064246055551	11.8338582737578	0.246010586926976	0.0207887048531346
P32566	YGR229C	0.000108445540307647	506	9.01288836607755e-05	7408.07273913043	0.935184965389497	0.0145414866299332	4.33782161230588	0.716264314244815	0.165120739915366
P32582	YGR155W	0.000839613519078744	508	0.000744977580815191	125576.095652174	0.828670406257436	0.0159344868850814	33.5845407631498	12.1415757114182	0.361522755277346
P32583	YKR092C	0.000209196228436883	407	0.000194518531010625	1352.35775652174	0.878084938898437	0.0237611471231728	8.36784913747532	0.130755411724319	0.0156259284286964
P32588	YNL016W	0.000457795676062268	454	0.000458701589073362	13111.8560869565	0.963115227930008	0.0225699840348553	18.3118270424907	1.26774600349064	0.0692309948400545
P32589	YPL106C	0.00173997044932839	694	0.00226753642682262	116833.073913043	0.907181814671419	0.0177477194446529	69.5988179731356	11.2962391858564	0.162305043603134
P32591	YJL176C	5.64384341424099e-05	826	5.59930511187842e-05	645.228347826087	0.969503828796384	0.00912734802554323	2.2575373656964	0.0623851919873583	0.0276341791437476
P32597	YIL126W	0.000123424780499109	1360	0.000117418263913271	453.716593913043	0.979061555048822	0.00408286849943176	4.93699121996436	0.0438684954163619	0.0088856741812635
P32598	YER133W	0.000329942952740507	313	0.000184832783170713	3028.00247826087	0.891652518642515	0.0165236286314219	13.1977181096203	0.292768469613826	0.0221832643478282
P32599	YDR129C	0.000311905367847224	643	0.000375879873583848	23927.1756521739	0.928706432856618	0.0176968519799363	12.476214713889	2.31344678485585	0.185428580535765
P32602	YBL050W	0.000149714610933849	293	9.64931914228417e-05	12139.9143478261	0.944603663013351	0.0224590625435384	5.98858443735396	1.17377187448582	0.196001557089917
P32614	YEL047C	0.000171491324267322	471	0.000117139691519646	18612.6439130435	0.830928417004961	0.0120826417588165	6.85965297069288	1.79960066512845	0.262345729852085
P32621	YEL042W	0.00018276489180954	519	0.000135193325491163	8838.86052173913	0.940264665235591	0.0117742425915372	7.3105956723816	0.854602889745948	0.116899214242489
P32623	YEL040W	0.00039464109443599	468	0.000261440191417806	7399.06369565217	0.961615957729922	0.0116549923812567	15.7856437774396	0.715393256875889	0.0453192322696594
P32656	YER163C	7.85027802513152e-05	233	1.68000582002016e-05	2181.53469565217	0.90824708169791	0.0061230680230867	3.14011121005261	0.210926040794517	0.0671715193141146
P32769	YKR084C	8.75465602597342e-05	612	7.98109907737895e-05	276.684608695652	0.88303314808462	0.012573901641833	3.50186241038937	0.0267518042125419	0.00763930762475827
P32771	YDL168W	0.000127989097581996	387	0.000121811136274294	1190.73939130435	0.90554269453259	0.0265137816051206	5.11956390327984	0.115129017166887	0.0224880515883648
P32773	YOR194C	5.30161849176499e-05	287	3.63215543996706e-05	2213.59939130435	0.946207186393365	0.025364847461	2.120647396706	0.214026279959484	0.10092497238906
P32787	YJR144W	0.000114507021616659	270	4.19465738863452e-05	495.996333913043	0.963216559957744	0.0109419864743262	4.58028086466636	0.0479563965539395	0.0104701868664626
P32795	YPR024W	0.000150399267900203	748	9.20146044791655e-05	1017.35920434783	0.930256849147116	0.00515262631875516	6.01597071600812	0.0983654073742781	0.0163507124648286
P32798	YOR316C	6.25401272275662e-05	440	4.59108733340969e-05	185.021011304348	0.955901190605489	0.014884397313171	2.50160508910265	0.0178891261532546	0.00715105922640718
P32832	YMR091C	9.50420929696851e-05	436	7.17645343271368e-05	691.4138	0.977567350750585	0.0157341422135026	3.8016837187874	0.0668507247101535	0.0175845045656445
P32860	YKL040C	0.000101404042407892	257	4.96608863252133e-05	4926.64926086957	0.871197197826713	0.018139542302162	4.05616169631568	0.476342927320619	0.117436868395383
P32892	YLL008W	0.000107912376392663	753	0.0001299433073036	657.535697	0.842878388488018	0.0139741715401505	4.31649505570652	0.0635751526325421	0.0147284201214349
P32897	YNR017W	0.000167675508610125	223	6.56895132815281e-05	4871.04321739131	0.938792783202803	0.0160727524323052	6.707020344405	0.470966545905053	0.0702199369796058
P32898	YDR430C	6.83445050486868e-05	990	6.02037799916664e-05	637.953047826087	0.988268154592149	0.00584058111666718	2.73378020194747	0.0616817650706786	0.0225628106556402
P32905	YGR214W	0.0026941838951947	253	0.00180856697967847	31913.9230434783	0.929979973994848	0.0296861783793019	107.767355807788	3.08566141404842	0.0286326169081475
P32909	YBR172C	5.87620025296082e-05	741	5.78037716773519e-05	208.166817391304	0.902630596130702	0.0105930263589559	2.35048010118433	0.020127024660507	0.00856294194975983
P32910	YNR003C	6.31185597768408e-05	318	3.82822754778829e-05	727.200956521739	0.880176999579898	0.018163641025246	2.52474239107363	0.0703108774418374	0.0278487332768783
P32911	YNL244C	0.000836073411592699	109	0.00020507213899991	32040.1347826087	0.96929284538632	0.023231664360784	33.442936463708	3.09786444821956	0.0926313528592605
P32939	YML001W	0.000237768657075701	209	0.000101325351019966	15952.0573913043	0.894670691677844	0.0200614722063162	9.51074628302804	1.54235654137458	0.16216987557821
P33297	YOR117W	0.000251919582130459	435	0.000172522026237019	7869.55956521739	0.828065636226482	0.0136526061204071	10.0767832852184	0.760884090083975	0.0755086289490929
P33298	YDR394W	0.000207901116756495	429	0.000140357629096072	5867.14056521739	0.836336535188018	0.0136445877589176	8.3160446702598	0.567276208199956	0.0682146658288974
P33299	YKL145W	0.000279119512015639	468	0.000237450822597493	2786.89486956522	0.998084774250685	0.0169097743874177	11.1647804806256	0.269456498729768	0.0241345093347209
P33302	YOR153W	0.00165487054987876	1512	0.00217967897960218	10302.5802608696	0.95821520981246	0.00565917893296068	66.1948219951504	0.996125557262027	0.0150483909048808
P33307	YGL238W	0.000167932319349873	961	0.000118318267031139	393.384708695652	0.833708925846959	0.00437846523776107	6.71729277399492	0.0380351865499314	0.00566227910999792
P33313	YBR155W	6.20635947128789e-05	386	4.75394504045246e-05	1586.11455652174	0.973894601486415	0.0192673647014713	2.48254378851516	0.153356654982591	0.0617739979822534
P33322	YLR175W	0.00051470190269104	484	0.000402001392647682	5222.08334782609	0.961378066777062	0.0141640431370453	20.5880761076416	0.504907562300606	0.0245242712170275
P33330	YOR184W	0.000321284575169066	396	0.000230250797654549	67032.4704347826	0.9006389743363	0.0167988051418363	12.8513830067626	6.48116833606323	0.504316798639704
P33331	YER009W	0.000773372030814087	126	0.000219986476381722	16587.0673913044	0.950017527033438	0.0233434727257918	30.9348812325635	1.60375375198594	0.0518428934615645
P33338	YNL243W	0.000168216351435622	969	0.000173304171803738	3233.8152173913	0.9496190201249	0.00761259289707173	6.72865405742488	0.31266788551419	0.0464681172260847
P33399	YDL051W	0.000277991665272404	276	0.000142800494701714	6930.01260869565	0.977257297011601	0.0175142881431607	11.1196666108962	0.670042115361027	0.0602573924927257
P33401	YKL127W	0.000182279311787607	571	0.00016960773042678	305.531295652174	0.995988799667274	0.0143716040311624	7.29117247150428	0.0295409037771303	0.00405159854503285
P33417	YKL032C	6.09037241346553e-05	598	7.7496697042129e-05	827.017013043478	0.948696642109153	0.0213758547018803	2.43614896538621	0.0799617923009101	0.0328230307083186
P33448	YOR045W	0.000172311697788285	62	4.24608613822698e-05	2951.10752173913	0.977880647242824	0.0541634346396585	6.8924679115314	0.285333727105022	0.0413979043163401
P33748	YMR037C	3.92617369428626e-05	705	3.59144101320637e-05	256.811043478261	0.88989704845165	0.0102386217406657	1.5704694777145	0.0248302888517592	0.015810742713634
P33750	YLL011W	8.95232265379952e-05	490	4.70358772314318e-05	224.405404347826	0.885628788883771	0.00770920087897112	3.58092906151981	0.0216970848853859	0.0060590658213646
P33754	YBR171W	0.000136845404845769	207	5.33680420250027e-05	1761.39939130435	0.890187053070873	0.0178347573118718	5.47381619383076	0.170304419455786	0.0311125572041909
P33775	YDL095W	0.000311666245999593	818	0.000301897474430536	3251.09278260869	0.919920942318107	0.0089366338666958	12.4666498399837	0.314338401428118	0.0252143443076387
P33892	YGL195W	0.000386292395627833	2673	0.000770456240509119	4263.85513043478	0.937319391829529	0.00449457856287667	15.4516958251133	0.41225935254499	0.0266805247275806
P34078	YKL143W	8.26785556198099e-05	464	6.64823731710785e-05	1881.57125217391	0.952460020671293	0.015749690686352	3.3071422247924	0.18192347592949	0.0550092688985911
P34167	YPR163C	0.00061710075195713	437	0.00065165582895055	14211.7343478261	0.92976569072851	0.025830278426488	24.6840300782852	1.37408993071928	0.0556671631966647
P34216	YBL047C	0.000178500501037358	1382	0.000303376050981319	15355.4295652174	0.973289797408972	0.00945375686176877	7.14002004149432	1.48467038793629	0.207936445459271
P34217	YBL051C	9.36369723407191e-05	669	8.46860076622408e-05	3722.48404347826	0.905508952552301	0.0108835642156678	3.74547889362876	0.359915807333473	0.0960934015529247
P34227	YBL064C	0.000118621238172088	262	5.61109086699336e-05	10919.0191304348	0.904231018308806	0.016739477987453	4.74484952688352	1.05572718102184	0.222499612483023
P34248	YKL100C	8.47882957370926e-05	588	5.00894592384838e-05	4147.5997826087	0.800469417343203	0.00699760927263884	3.3915318294837	0.401018971960159	0.118241252661694
P34730	YDR099W	0.000545272573414753	274	0.000433480073127396	76182.3769565217	0.955636708838063	0.0339092999274743	21.8109029365901	7.36584532979466	0.33771391084583
P34760	YML028W	0.00313137614034853	197	0.00175187749757562	405092.365217391	0.808754087751324	0.0328454869682729	125.255045613941	39.1671647128431	0.312699297029227
P34909	YER068W	5.42314748708027e-05	588	5.83930594330988e-05	1342.41004347826	0.842160013239181	0.0170959024431052	2.16925899483211	0.129793597213001	0.0598331492561341
P35127	YJR099W	3.68814450962267e-05	237	1.83750636564705e-05	451.680508695652	0.92676715621993	0.0209936457446106	1.47525780384907	0.0436716324489837	0.0296027123768069
P35176	YDR304C	0.000381035736112147	226	0.000189300655791558	10577.5213043478	0.940207241564248	0.0224369956241113	15.2414294444859	1.02270878138784	0.0671005816818478
P35184	YIR012W	0.000146131343031732	432	0.000118864697495559	912.370956521739	0.818067774202757	0.0178191848997867	5.84525372126928	0.0882144088648133	0.0150916304186806
P35189	YPL129W	0.000118263155352776	245	6.58287994783411e-05	10429.2052173913	0.959900767744577	0.0235655538526123	4.73052621411104	1.00836854418226	0.213162024379935
P35197	YDL226C	0.000193050044453164	353	0.00013194688567314	3865.24186956522	0.934067139220717	0.0185753260637768	7.72200177812656	0.373718632981384	0.0483966002235306
P35207	YLR398C	6.9749265020879e-05	1288	8.68931581655836e-05	174.663086956522	0.814426669157537	0.00661289782064752	2.78997060083516	0.0168876495423668	0.00605298476525579
P35691	YKL056C	0.00474140003775264	168	0.00144739787134263	280117.534782609	0.952920326886873	0.0169001834026687	189.656001510106	27.0837235303071	0.142804463421444
P35719	YKL142W	0.00023544518485672	220	0.000119882558164577	17175.587826087	0.874693737161964	0.0242240347923338	9.4178073942688	1.66065602609726	0.17633149167054
P35732	YKL054C	0.000274453736711787	739	0.000641305793095069	22173.7995652174	0.953983208062729	0.0385384062562013	10.9781494684715	2.14391811461164	0.195289572324446
P35844	YPL145C	0.000235918781492926	435	0.000166961292687335	8259.48217391304	0.837489578571966	0.014336775607125	9.43675125971704	0.798584536578068	0.0846249429066772
P36008	YKL081W	0.0023010419920145	413	0.00157535902892235	51018.192173913	0.864779580110252	0.01474232093597	92.04167968058	4.93279584559632	0.0535930663446715
P36010	YKL067W	0.000338452453231535	154	0.000140689773103857	8513.00608695652	0.848762546540301	0.0304544932445747	13.5380981292614	0.823097002655995	0.0607985696954688
P36013	YKL029C	0.000183612103115875	670	0.00018621493081601	3011.108	0.827560029397671	0.012877641849528	7.344484124635	0.291134993227704	0.0396399513277146
P36015	YKL196C	0.000297161693200692	201	0.000118178980834326	12134.9717391304	0.84952395236383	0.0191831403373329	11.8864677280277	1.17329398848866	0.0987083812731087
P36016	YKL073W	9.92867272592361e-05	882	9.66217632968229e-05	3702.70773913043	0.950147598801074	0.00804429495599443	3.97146909036944	0.358003695834193	0.0901438957947145
P36018	YKR014C	0.000132938863683728	235	9.41574690455178e-05	6906.0022173913	0.962499855670859	0.0358853248923059	5.31755454734912	0.667720622704574	0.125569115795426
P36037	YKL213C	6.12658952564492e-05	716	5.28858974975735e-05	127.876517391304	0.834219239082375	0.00917843448587419	2.45063581025797	0.0123639965835499	0.00504521991060285
P36041	YKL204W	5.24218890059146e-05	633	7.19466778152767e-05	1048.59227565217	0.820297546419424	0.021981666046668	2.09687556023658	0.101385239277574	0.0483506228028787
P36046	YKL195W	0.000150249286437805	404	7.76359832389419e-05	4849.51034782609	0.978513969512768	0.0100220049637785	6.0099714575122	0.468884597388081	0.078017774410891
P36047	YKL193C	4.96587926762698e-05	339	3.13179656372381e-05	2739.98256521739	0.885357333968114	0.0175028196979817	1.98635170705079	0.264920688852273	0.133370484145333
P36069	YKL128C	0.00017553989605766	296	5.39037581665908e-05	5409.35339130435	0.829826561674456	0.00733941431362688	7.0215958423064	0.523014140623202	0.0744865059694758
P36076	YKL088W	3.25435051184168e-05	572	3.49608354000369e-05	142.133718695652	0.932987658732688	0.0177518865099395	1.30174020473667	0.0137424825778043	0.0105570086318293
P36081	YKL077W	0.000233535562651298	393	0.000148843372778827	3313.37560869565	0.964097707062788	0.0142691396647573	9.34142250605192	0.320360340910538	0.0342945992115215
P36094	YKL042W	2.26793867968097e-05	364	1.92214951601797e-05	761.590217391304	0.981271476606413	0.0244417229842277	0.907175471872388	0.0736358718393704	0.0811704836853533
P36095	YKL041W	2.15824752785327e-05	225	2.31750802850996e-05	1286.3902173913	0.920512889161081	0.0711118587590411	0.863299011141308	0.124377208399168	0.14407199219971
P36105	YKL006W	0.00420625363521906	139	0.00168917728036415	26626.5047826087	0.873533782645451	0.0336961924150336	168.250145408762	2.57443681513988	0.0153012457070115
P36108	YKL002W	9.44812222493705e-05	233	3.2625113022713e-05	350.028595652174	0.880250332036429	0.0124785506287343	3.77924888997482	0.0338432141340325	0.00895501066992653
P36110	YKR013W	0.000136852513697968	330	0.000141182631954118	1798.60534782609	0.987770910485778	0.037891958437429	5.47410054791872	0.173901751700258	0.0317680959964055
P36112	YKR016W	5.77460868127099e-05	541	3.53894083133074e-05	155.569451652174	0.900179420813126	0.00836583174282905	2.3098434725084	0.0150415432635406	0.00651193184411155
P36114	YKR018C	0.000179259402106821	726	0.000123996858131973	1359.65486956522	0.979125646829152	0.0064664031055422	7.17037608427284	0.13146094767869	0.0183338985478084
P36123	YKR028W	9.7528158354878e-05	1034	5.42894737885342e-05	302.411017391304	0.982043511306718	0.00276520110718211	3.90112633419512	0.0292392134391062	0.00749506961177121
P36135	YKR042W	0.000854011470550135	366	0.000816709972173832	8371.7852173913	0.884589183823029	0.029016033715435	34.1604588220054	0.809442780720256	0.0236953134891394
P36136	YKR043C	0.000221974171292997	272	0.000183782779533201	5791.72343478261	0.809529401301127	0.0364177770185228	8.87896685171988	0.559984352259092	0.0630686386840853
P36139	YKR046C	0.000105442550876634	284	1.82786347509847e-05	5282.02256521739	0.936418307187826	0.00333344568789838	4.21770203506536	0.510702905293714	0.121085581923001
P36141	YKR049C	9.18060515579374e-05	134	1.02107496586685e-05	1709.15034782609	0.917249519149076	0.00526636344985661	3.6722420623175	0.165252616292566	0.0450004693286144
P36152	YKR071C	0.000117343114157638	349	9.08360289676718e-05	6563.62173913043	0.954210947069816	0.0227386125003526	4.69372456630552	0.634616882081595	0.135205394589463
P36154	YKR074W	0.00014422904152481	156	3.71894145490433e-05	4073.57704347826	0.807819214850247	0.0146786638339109	5.7691616609924	0.393861935528574	0.068270219950956
P36161	YKR082W	8.56868999076459e-05	1158	8.79003045117692e-05	1.05213566521739	0.904459495539446	0.00580233169234299	3.42747599630584	0.000101727838977443	2.96801025264907e-05
P36521	YDL202W	6.02151060271061e-05	250	2.7685810197271e-05	346.768895652174	0.977689899786045	0.017206342467101	2.40860424108424	0.0335280435265935	0.0139201131322017
P36775	YBL022C	0.000175857205973229	1134	0.000158893407595019	708.337295652174	0.945703537812526	0.00495563191714896	7.03428823892916	0.0684870067007314	0.00973616723888432
P37262	YCR073W-A	7.9397555415488e-05	316	4.16358585242242e-05	922.023734782609	0.965614860008275	0.0147659985015737	3.17590221661952	0.0891477070173893	0.0280700414990357
P37292	YBR263W	0.000391649398638953	491	0.000258108037017128	14691.0769565217	0.910027844390955	0.0107679954053082	15.6659759455581	1.42043612857613	0.0906701333841176
P37297	YLR305C	9.88581817400438e-05	1901	7.97038475454719e-05	248.00694826087	0.986746615929007	0.00193905577423008	3.95432726960175	0.0239790473149259	0.0060640017075119
P37304	YDR251W	7.59671963775067e-05	831	4.46572975627808e-05	8.52857669565218	0.82719878415544	0.00415158319367571	3.03868785510027	0.00082460247806809	0.000271367944780521
P37838	YPL043W	0.000106182003010274	686	0.000128368301847331	1537.54300434783	0.970387124795099	0.0161478929292356	4.24728012041096	0.148660417413825	0.0350013215985955
P38011	YMR116C	0.00477613433390403	320	0.00261334119621772	81458.8260869565	0.827086787862004	0.0154384033588372	191.045373356161	7.87600935641059	0.041225857596287
P38013	YLR109W	0.00571752692548247	177	0.00288390999068818	368517.147826087	0.894621101832903	0.0330145038016217	228.701077019299	35.6308167414256	0.155796453632
P38041	YBL085W	5.3131170028192e-05	981	4.43572965234915e-05	486.455226086956	0.864380465413019	0.0054661191062483	2.12524680112768	0.04703389548047	0.0221310275378433
P38063	YBL068W	0.000106427343690012	327	4.8825169144336e-05	643.701043478261	0.807517873792547	0.0115010139582546	4.25709374760048	0.0622375215149073	0.0146197206838556
P38069	YBR015C	0.000177026824818065	598	0.000113678965244987	850.277404347826	0.987729588939376	0.00772618879222941	7.0810729927226	0.0822107697088493	0.01160993112108
P38071	YBR026C	8.2846115734525e-05	381	6.16930708652812e-05	3029.96295652174	0.848008610604317	0.0188371355076854	3.313844629381	0.292958022371549	0.0884042721176917
P38075	YBR035C	0.000216295985870011	229	0.000113496821756847	8460.67043478261	0.852172530355826	0.0238661640185349	8.65183943480044	0.818036825557991	0.0945506249535315
P38081	YBR056W	8.51260977121408e-05	502	4.6446589475685e-05	367.044682608696	0.910489836652704	0.00786636494512088	3.40504390848563	0.0354884484998703	0.0104223174366211
P38084	YBR068C	0.000296935940614894	610	0.000187779221949447	430.640160869565	0.972990535072521	0.00733196009355079	11.8774376245958	0.0416373043804268	0.0035055797131028
P38109	YBR139W	9.69939335945844e-05	509	7.21931072404072e-05	4745.725	0.915448126166593	0.0122322862802676	3.87975734378338	0.458849903668532	0.118267680942407
P38115	YBR149W	0.000234122938347561	345	0.000139350482749887	21466.9808695652	0.937084464260043	0.0156447964133094	9.36491753390244	2.0755779367861	0.221633338390027
P38130	YBR205W	0.000176656556909471	405	8.94967386137016e-05	637.453891304348	0.854474693706795	0.00969614941042353	7.06626227637884	0.0616335031250506	0.00872222126980477
P38138	YBR229C	8.69513860043502e-05	955	7.29109668701352e-05	158.451158130435	0.857546349343999	0.00572620464915072	3.47805544017401	0.0153201668120924	0.00440480811062804
P38143	YBR244W	0.000174778327408976	163	5.85323456299116e-05	5271.81713043478	0.966988390361221	0.0202898441666696	6.99113309635904	0.509716172441116	0.0729089498677366
P38144	YBR245C	8.60911569185717e-05	1130	0.000118607553747597	611.871256521739	0.923152438686654	0.00933279104807533	3.44364627674287	0.0591599949665316	0.0171794633397967
P38165	YBL103C	2.26017708255681e-05	487	1.73893459559485e-05	218.318423478261	0.819149203595248	0.0137238241932925	0.904070833022724	0.0211085529781152	0.0233483397617636
P38166	YBL102W	0.000101917244370849	216	3.3385829943768e-05	502.599865217391	0.98206734313406	0.012913979231495	4.07668977483396	0.0485948721720742	0.0119201790806006
P38174	YBL091C	0.000168772910945872	422	0.000125046861769485	4029.30082608696	0.976258308122276	0.0160582230215953	6.75091643783488	0.389581000985421	0.0577078689349568
P38175	YBL090W	5.36530635435433e-05	178	2.43322271509298e-05	591.761417826087	0.894931184494902	0.0279469877235763	2.14612254174173	0.0572156350324247	0.0266600037600789
P38193	YBL046W	2.49028560906146e-05	442	2.01429269237111e-05	43.7196809565217	0.807485751016209	0.0170794300613978	0.996114243624584	0.00422712470598674	0.00424361435753132
P38199	YBL032W	0.000198310178606413	382	0.000120139701912539	994.239869565217	0.92001467814013	0.0138024070474972	7.93240714425652	0.0961300682979762	0.0121186503100234
P38203	YBL026W	0.000168613088113536	96	4.37037228307541e-05	619.307273913043	0.991494086090321	0.0304661593190555	6.74452352454144	0.0598789611653058	0.00887816032480618
P38205	YBL024W	0.000181009226971051	685	0.000195782821104773	4813.1997826087	0.972098700619304	0.0137130823940586	7.24036907884204	0.465373837840878	0.0642748778098624
P38217	YBR017C	0.000158521989260169	919	0.000121564706849163	273.379047826087	0.944641455497754	0.00530841186832779	6.34087957040676	0.0264321994552982	0.00416853831740611
P38219	YBR025C	0.00101137118330542	395	0.000677798776660048	42046.1908695652	0.863192144550393	0.0152608203871618	40.4548473322168	4.06531997326619	0.100490305645739
P38237	YBR058C	6.3132880050695e-05	782	5.59287651817937e-05	1832.53647826087	0.848460070951864	0.00836638783291144	2.5253152020278	0.177182450841351	0.070162509099488
P38247	YBR077C	7.64655182414271e-05	163	2.12679308210461e-05	298.87241783913	0.91031414416313	0.0153909941499394	3.05862072965708	0.028897076871219	0.0094477476697344
P38248	YBR078W	0.00124450575472376	430	0.00130386880268835	80289.2452173913	0.956352889582658	0.0261497757695135	49.7802301889504	7.76292609319316	0.155943957344663
P38249	YBR079C	0.00035242057430205	965	0.000408697844417532	12649.662173913	0.83552874992798	0.00913468946386367	14.096822972082	1.22305786153632	0.0867612414484114
P38250	YBR086C	0.000174688144677881	947	0.000129354019547853	2610.27147826087	0.876503894150096	0.00481889150813714	6.98752578711524	0.252379313244808	0.0361185519644431
P38260	YBR101C	0.000105131129578419	291	5.54359063315327e-05	1562.86765217391	0.895783240625204	0.0168305363214674	4.20524518313676	0.15110898158799	0.0359334533439202
P38264	YBR106W	0.00123499719649381	189	0.00037163700174247	30912.6830434783	0.925117801916289	0.0138836578709775	49.3998878597524	2.98885452415297	0.0605032653644561
P38266	YBR108W	2.59536095121595e-05	948	2.87679568032789e-05	45.4105609478261	0.972177785255284	0.00876939093784376	1.03814438048638	0.00439061081635451	0.0042292872734113
P38272	YBR130C	7.59946312624389e-05	426	3.34822588492539e-05	1199.41548695652	0.964810794691734	0.00730606205788501	3.03978525049756	0.115967882810012	0.0381500248384422
P38288	YBR162C	0.000629015562394077	456	0.000485905254743204	13833.6256521739	0.926119978419502	0.0152259436325736	25.1606224957631	1.33753173601221	0.0531597235417144
P38326	YBR231C	2.02335705736244e-05	304	1.14214681386575e-05	740.671775652174	0.803032008924819	0.0174535996990799	0.809342822944976	0.0716133305044014	0.0884833082769798
P38333	YBR247C	8.72886267721646e-05	484	7.6960980900541e-05	2584.12230434783	0.968405836771527	0.0169637415083942	3.49154507088658	0.249851028118508	0.0715588723748209
P38344	YBR267W	5.9981752360389e-05	394	5.39359011350861e-05	607.767552173913	0.821998785628249	0.0237245256185385	2.39927009441556	0.0587632201123873	0.0244921237709594
P38351	YBR279W	8.78300283195892e-05	446	5.18466081828926e-05	1941.15834782609	0.873796523240168	0.0105459853237834	3.51320113278357	0.187684773328705	0.0534227236742347
P38353	YBR283C	0.000369891098714567	491	0.000221400766995514	1012.05134782609	0.914897294114653	0.00933114071343312	14.7956439485827	0.0978522066612813	0.00661358214629481
P38426	YMR261C	0.000123357654909528	1055	0.000152475528218794	694.404652173913	0.867201065889172	0.00879583273421147	4.93430619638112	0.0671399012283645	0.0136067561590737
P38439	YOR123C	6.54436347155507e-05	465	7.43681147752548e-05	2205.08213043478	0.937156464966435	0.026266325365859	2.61774538862203	0.21320277157467	0.0814451903922172
P38523	YOR232W	0.000341408369853644	229	0.000151157666510488	12460.377826087	0.902227315008444	0.018535017529156	13.6563347941458	1.20475652617325	0.0882196097513445
P38616	YNL160W	9.2105493090076e-05	355	9.65146200685052e-05	20434.3147826087	0.852827723560961	0.0347889404501972	3.68421972360304	1.97573255288337	0.536268925608806
P38623	YLR248W	0.000111533004405838	611	7.82252709946888e-05	311.463460869565	0.90926993971907	0.00853226032265801	4.46132017623352	0.0301144670237461	0.0067501245896165
P38624	YJL001W	0.000269780940981658	216	0.000125754007076382	6272.12682608696	0.868227609079718	0.021828734503229	10.7912376392663	0.606433114001931	0.0561968083990004
P38625	YMR217W	0.000697942784197416	526	0.000622523585170991	7408.3192173913	0.952959928556153	0.0152481261663098	27.9177113678966	0.716288145487935	0.0256571226791754
P38626	YIL043C	0.00044300870308567	285	0.000139725484048998	2227.5432173913	0.924911662093444	0.00808029923609349	17.7203481234268	0.215374466644715	0.0121540764969501
P38628	YEL058W	0.000134890470490829	558	0.000101828924193059	139.823465665217	0.96026406250825	0.0108954111289654	5.39561881963316	0.0135191111476297	0.00250557194634236
P38631	YLR342W	0.000617204750539924	1877	0.000853931529691371	7533.40886956522	0.993386041425383	0.00441364258187907	24.688190021597	0.728382688439735	0.0295032842748923
P38634	YLR079W	9.93929782564004e-05	285	3.7200128871875e-05	13.8738626956522	0.84892337025406	0.0104238890633207	3.97571913025602	0.00134142213495524	0.000337403647241262
P38682	YER122C	0.000191358788906828	494	0.000158132690673964	2265.61504347826	0.875712686266753	0.0149427631983164	7.65435155627312	0.219055517218123	0.0286184290867325
P38687	YPL243W	0.000129494851671196	600	0.000107539658262388	991.576782608696	0.870818701765022	0.0112716982446204	5.17979406684784	0.0958725824146896	0.0185089563749844
P38688	YPL210C	0.000126262530880651	641	9.59146179899266e-05	294.542182608696	0.947863275666245	0.00894692456572771	5.05050123522604	0.028478399426077	0.00563872734600023
P38689	YHL011C	0.000243054978604036	321	0.000129450448453339	2761.9862173913	0.940039304079279	0.0147619866308717	9.72219914416144	0.267048155926399	0.0274678755255463
P38692	YHR102W	3.27929839454116e-05	1081	2.9035814874073e-05	43.9682352304348	0.816495504440829	0.00516354778901367	1.31171935781646	0.00425115667257592	0.00324090412117768
P38698	YHR201C	8.25611020391105e-05	398	6.45109377700344e-05	761.863243478261	0.995329001717391	0.0189624787240107	3.30244408156442	0.0736622699120988	0.0223053799224978
P38701	YHL015W	0.00366725174199985	122	0.00148125513149099	134673.643478261	0.952805203857481	0.0412688421057651	146.690069679994	13.0211903000469	0.0887666788109979
P38707	YHR019C	0.00069734727555367	555	0.000676384486046255	30518.9834782609	0.918827105196509	0.0159482231236981	27.8938910221468	2.95078889507115	0.105786205758398
P38708	YHR020W	0.000554440946923118	689	0.000562855521320913	16111.4447826087	0.850121593091385	0.0123709197688377	22.1776378769247	1.55776722976171	0.0702404484375914
P38710	YHR046C	4.26545541822352e-05	296	2.17393610256436e-05	673.46277826087	0.903568104545677	0.0155989898128184	1.70618216728941	0.0651150943068429	0.0381642098688034
P38715	YHR104W	0.000127323444097441	328	8.37645758987094e-05	5156.985	0.806344720055448	0.0195766914346135	5.09293776389764	0.498613398473376	0.0979029042938443
P38736	YHL031C	3.46861209833561e-05	224	3.13929658970604e-05	361.544947826087	0.914862965948299	0.0555060604795724	1.38744483933424	0.0349566956538452	0.0251950165244904
P38747	YHL013C	4.25693302977552e-05	308	3.26786846368718e-05	403.697034782609	0.975659686448244	0.0270472652936173	1.70277321191021	0.039032254401861	0.0229227557309724
P38749	YHL009C	3.27649360346304e-05	331	1.92857810971702e-05	244.372707391304	0.818690935842187	0.0163660887869593	1.31059744138522	0.0236276634751736	0.018028162370133
P38754	YHL001W	0.00266908453264731	139	0.00142254064237294	21106.1365217391	0.856750971543427	0.0513451994687361	106.763381305892	2.04068898004306	0.0191141284125893
P38758	YHR009C	0.000129124160301908	524	5.17501792774068e-05	3774.44647826087	0.933713919553933	0.00466306306527087	5.16496641207632	0.364939899162305	0.0706567807118805
P38759	YHR012W	0.000110962902933799	283	3.47036916520747e-05	158.115208695652	0.825624895157979	0.00806350885918212	4.43851611735196	0.0152876848697575	0.00344432338771773
P38764	YHR027C	0.000312012243211785	994	0.000401658534317065	14818.737826087	0.953936648986744	0.0102102050761644	12.4804897284714	1.43277927481876	0.114801526702129
P38765	YHR029C	7.51728588091265e-05	295	3.26143986998812e-05	1574.09343478261	0.831744391801498	0.0123372197178969	3.00691435236506	0.152194368808827	0.0506148000820574
P38773	YHR043C	8.65046579989771e-05	247	2.95822453384928e-05	969.644347826087	0.863730385470206	0.0112767120278025	3.46018631995908	0.0937520011363356	0.0270944950552386
P38777	YHR049W	0.000130025568276406	244	6.44680804787074e-05	7578.6847826087	0.839920126168709	0.0199592381106485	5.20102273105624	0.732760280554429	0.140887728903584
P38779	YHR052W	0.000150705215306995	377	0.000108236089246452	2008.50317391304	0.971666057060028	0.0181318607765207	6.0282086122798	0.19419614239509	0.0322145690179835
P38784	YHR060W	6.22571402265365e-05	182	2.30572227339502e-05	2729.63660869565	0.950797316609932	0.0200017040767525	2.49028560906146	0.263920369374563	0.105979960055276
P38788	YHR064C	0.000866402242744435	539	0.00085970654969769	81031.2265217391	0.948045713196476	0.0172317200651844	34.6560897097774	7.83466603809596	0.226068956529899
P38789	YHR066W	7.45165859011012e-05	454	6.65252304624055e-05	620.831130434783	0.922681310491346	0.0190081962929207	2.98066343604405	0.0600262982778028	0.0201385696727538
P38791	YHR068W	0.000491446312076897	388	0.000259372327111276	20915.7804347826	0.926086254790383	0.0109838783742251	19.6578524830759	2.0222840214408	0.102874107086817
P38792	YHR069C	6.51970607372341e-05	360	3.68036989270999e-05	227.890809565217	0.973709528187383	0.0135718041617635	2.60788242948936	0.0220340782527314	0.00844903052513979
P38793	YHR070W	4.24095639223167e-05	500	3.59786960690542e-05	195.798552608696	0.952601068782725	0.0152617877222507	1.69638255689267	0.018931174267986	0.0111597317427403
P38801	YHR081W	7.61219736175274e-05	185	3.41786898333184e-05	796.983434782609	0.915032822088858	0.025998353048637	3.0448789447011	0.0770579357791308	0.0253073889565404
P38809	YHR097C	2.46992905094924e-05	367	1.92643524515067e-05	497.912104347826	0.987625890835137	0.0213367577253387	0.987971620379696	0.0481416266461702	0.0487277424301605
P38821	YHR113W	8.73628709085207e-05	491	5.39359011350861e-05	724.637669565217	0.900134879219227	0.00977109437832432	3.49451483634083	0.0700630409209529	0.0200494329548525
P38829	YHR122W	8.44228289451224e-05	232	3.23679692747507e-05	67.9471208695652	0.838388205279339	0.0146749193837383	3.3769131578049	0.00656960314083814	0.00194544628003066
P38853	YHR158C	5.66887333496223e-05	1165	6.6503801816742e-05	653.60867826087	0.957794981729715	0.00702140312997275	2.26754933398489	0.0631954609794955	0.027869497713833
P38858	YHR163W	0.0002544573835339	250	6.37930781403064e-05	11339.8573913043	0.936225701872587	0.00697810449463199	10.178295341356	1.09641676911639	0.107721060584819
P38861	YHR170W	0.000170601358054297	519	0.000110603954592271	704.259069565217	0.96846286467476	0.00967618252000971	6.82405432217188	0.0680926952631452	0.00997833429342828
P38879	YHR193C	0.0016205355723424	175	0.000898256683246367	157083.4	0.952323690715029	0.0386378703476483	64.821422893696	15.1879223844461	0.234304057307621
P38882	YHR196W	0.000121120401628224	576	7.02645291306902e-05	260.26972173913	0.862406117943885	0.00702314902172568	4.84481606512896	0.0251646980699125	0.00519414931993762
P38883	YHR197W	5.27555923856803e-05	764	4.21501460201487e-05	172.920733043478	0.880446666983735	0.00742759903145112	2.11022369542721	0.0167191865730298	0.007922945140489
P38886	YHR200W	0.000255740297213096	269	0.00011667897563788	10218.6743478261	0.913277567814048	0.0152528770717405	10.2296118885238	0.988012946413899	0.096583619904711
P38902	YOL005C	0.000131100159749765	121	5.44716172766741e-05	5161.97973913043	0.85630323661549	0.0435724440064393	5.2440063899906	0.49909632480578	0.0951746217850575
P38903	YOR014W	0.00011488824241277	758	7.78074124042501e-05	245.721330434783	0.938310554603993	0.00587653790955844	4.5955296965108	0.0237580577887053	0.00516981922818252
P38911	YML074C	0.000320594050253932	412	0.000346447628765	7424.42417391304	0.983369585308517	0.0291817288514114	12.8237620101573	0.717845285387231	0.0559777454399613
P38912	YMR260C	0.000922861037072322	154	0.000274383093398574	22540.332173913	0.922197474785328	0.0184956699994793	36.9144414828929	2.17935705222209	0.0590380611130758
P38915	YLR055C	5.79827694050131e-05	603	4.19251452406817e-05	584.260373913043	0.872752674242287	0.00910483267889523	2.31931077620052	0.056490381614472	0.024356538241509
P38922	YNL004W	7.39970580978263e-05	455	5.20501803166961e-05	909.153913043478	0.909092612622117	0.0132881401860803	2.95988232391305	0.0879033625884071	0.0296982626228857
P38934	YOR198C	0.000440584925271957	471	0.000515026784199931	39050.8339130435	0.946664426670386	0.0268774847315636	17.6233970108783	3.77570790114805	0.214244047207099
P38968	YDL195W	0.000237720631354796	1274	0.000360954821879204	8579.13495652174	0.910941874042896	0.0090227890570377	9.50882525419184	0.829490804536574	0.0872337836023334
P38972	YGR061C	0.000456781416628989	1359	0.000680905930281258	14951.4226086957	0.931158001873973	0.00797415231780729	18.2712566651596	1.44560816813185	0.0791192524205738
P38986	YDR321W	0.000359331263799654	382	0.000222086483656747	5874.5942173913	0.944858103125393	0.0142193483553311	14.3732505519862	0.56799687945292	0.0395176357218954
P38992	YDR297W	0.000141056891998981	350	6.68680887930219e-05	508.918317391304	0.987235454536963	0.0109141258315148	5.64227567995924	0.0492057843448896	0.00872091105361322
P38996	YPL190C	8.50666678163834e-05	803	0.000138954052805111	1451.99590869565	0.956497947856549	0.0199914136717557	3.40266671265534	0.140389125546065	0.0412585590660186
P39005	YJL174W	0.000215629965102307	277	0.000100489633839089	10318.0243043478	0.981891984672357	0.0150705955166763	8.62519860409228	0.997618795463192	0.115663283972367
P39007	YGL022W	0.000290868129970767	719	0.000151886240463047	2626.26291304348	0.917063158778041	0.00431737417516917	11.6347251988307	0.253925477067938	0.0218247936868726
P39013	YNL084C	0.000119320256182745	350	7.47324017515346e-05	5229.64234782609	0.833832925615153	0.0165197173863318	4.7728102473098	0.505638419318624	0.105941446049238
P39015	YLR150W	0.00276417158289017	274	0.00199392476466793	153786.456521739	0.965295143686974	0.0293429844603967	110.566863315607	14.8691508168983	0.13448107661746
P39077	YJL014W	0.000265948538829395	535	0.000224668635459201	12019.376826087	0.975554475930696	0.0137134470198089	10.6379415531758	1.16211746336035	0.109242700531046
P39078	YDL143W	0.000313639468248998	529	0.000204622137440976	1129.73656521739	0.990938459425124	0.00949376284806532	12.5455787299599	0.109230837041931	0.0087067196653972
P39079	YDR188W	0.000319002399683613	547	0.000295136736723695	2768.45652173913	0.975358964164089	0.0151903335202145	12.7600959873445	0.267673750230053	0.0209774088294894
P39081	YDR228C	3.48520832847118e-05	627	2.3110794348109e-05	58.3886665347826	0.861273680774807	0.00755287561242678	1.39408333138847	0.00564542488551676	0.00404956056672312
P39101	YER048C	0.000156913404448516	392	0.00012939687683918	12059.6895652174	0.810806293665821	0.0210156044776974	6.27653617794064	1.16601518108875	0.185773673254174
P39103	YML129C	0.000127670980520897	71	3.19715393299755e-05	509.079339130435	0.918477203014584	0.0453440491929263	5.10683922083588	0.0492213530534618	0.00963832048062897
P39107	YPL050C	0.000175357611638078	396	7.0768102303783e-05	1515.66695652174	0.912995190757608	0.00714747975757961	7.01430446552312	0.146545288021025	0.0208923477361622
P39111	YGR020C	0.000423034651993088	119	9.52824729428527e-05	31970.8234782609	0.918520498599406	0.0179579754482838	16.9213860797235	3.09116294627347	0.182677880624539
P39113	YMR280C	1.01591149323637e-05	1434	3.814298928107e-06	188.090147826087	0.936773626614909	0.000945963355140043	0.406364597294548	0.0181858717500487	0.0447525987035404
P39517	YDL160C	0.000254456106464357	507	0.000283725982907869	5457.06091304348	0.818902403544459	0.0224523998927307	10.1782442585743	0.527626837683033	0.0518386889014334
P39540	YJL196C	0.000222243977747591	311	0.000100039632280155	536.404234782609	0.825409069199878	0.0120471179251736	8.88975910990364	0.051863315185223	0.00583405180545834
P39543	YJL192C	0.000234192816852163	235	7.23859650513789e-05	962.576995652174	0.963094844109354	0.0104478130225682	9.36771267408652	0.0930686800707046	0.00993504853411616
P39676	YGR234W	0.00087206689172321	400	0.000664630873899813	19242.0447826087	0.886535955361588	0.0181361021995546	34.8826756689284	1.86045554575657	0.0533346571064145
P39683	YOR209C	0.000199135978296694	430	0.000122550424549685	5140.36139130435	0.891217985837647	0.0118471470985847	7.96543913186776	0.497006111652369	0.0623953185034043
P39705	YAR002W	7.43396370705014e-05	540	6.90216676822059e-05	2595.57217391304	0.9285396711657	0.0155659717122372	2.97358548282006	0.250958081634465	0.0843957851840411
P39715	YAL059W	5.54760808215804e-05	213	3.06751062673324e-05	471.326786956522	0.900583981661613	0.0287367816278899	2.21904323286322	0.0455711721162517	0.020536405709163
P39719	YAL053W	7.6598517171578e-05	784	6.02359229601617e-05	444.474160869565	0.96260649425898	0.00698051149658776	3.06394068686312	0.0429748723110065	0.0140260131324554
P39726	YAL044C	0.000450581501429015	171	0.000191968522176666	19601.7265217391	0.839180227737265	0.0270327673214345	18.0232600571606	1.89523209335494	0.105154788165084
P39727	YAL042W	0.000271985881364681	416	0.000116261117047441	3321.89508695652	0.979872840776818	0.00723562238425414	10.8794352545872	0.32118406368826	0.0295221264865596
P39730	YAL035W	0.000418308394231979	1003	0.000686091662531831	2918.09286956522	0.923712538509902	0.0144462767692284	16.7323357692792	0.282141639495721	0.016862059391238
P39742	YLR292C	0.000120149862375336	194	4.91037415379618e-05	1639.38185217391	0.978799473111188	0.0210597124765301	4.80599449501344	0.158506909891732	0.0329810843637448
P39743	YDR388W	0.000250343307966831	483	0.000162504134389323	3489.17369565217	0.941617379049861	0.0107886298169212	10.0137323186732	0.337357730195655	0.0336895095115097
P39926	YMR183C	0.000240615433848506	296	0.00013846119395485	14271.5869565217	0.86965554279013	0.0186875777755368	9.62461735394024	1.3798768997776	0.143369533461264
P39929	YLR025W	6.78370332924834e-05	241	5.75144849608943e-05	1464.75363043478	0.996508342920499	0.0451704227290282	2.71348133169934	0.14162263136257	0.0521922261664787
P39931	YLR250W	0.000131561258878715	235	6.80680929501791e-05	6019.74669565217	0.936336022521843	0.0224885428863687	5.2624503551486	0.582031236830824	0.110600803342759
P39935	YGR162W	0.000434650216981362	953	0.000484330249286935	16517.6926086956	0.939066591054554	0.00876956756864038	17.3860086792545	1.59704611251735	0.0918581223546145
P39958	YER136W	0.000244951544643523	452	0.000193018525814179	2554.92908695652	0.869965391045522	0.0158897957390634	9.79806178574092	0.247028423566458	0.0252119683431633
P39966	YER089C	0.000189716919787102	465	7.32752538464151e-05	6533.25643478261	0.854963930341953	0.00527208304312747	7.58867679148408	0.631680951960304	0.0832399335638025
P39968	YEL013W	0.000194298190655184	579	0.000100950349720854	4402.30417391304	0.981844394337157	0.00591460268960612	7.77192762620736	0.425645574937354	0.0547670533500665
P39990	YEL026W	0.00072904581846382	127	0.000208222149912448	26195.1495652174	0.91621423349958	0.0232103910386086	29.1618327385528	2.53273037409095	0.0868508641688562
P40007	YER002W	6.69800956919979e-05	232	7.92752746322014e-05	4677.48891304348	0.943283855529274	0.0785319957081306	2.67920382767992	0.452252361264217	0.168801028347235
P40008	YER004W	0.00016117085525887	232	6.71038038953206e-05	2627.34147826087	0.831994896926419	0.0165903922582212	6.4468342103548	0.254029760300974	0.0394037991380258
P40010	YER006W	0.000204122163022974	521	0.000178382760825993	4637.75413043478	0.929384684535683	0.0150032351069558	8.16488652091896	0.448410524416888	0.0549193823169533
P40016	YER021W	0.000223032640521478	524	0.000138621908797327	1916.7947826087	0.806713260514975	0.00895857778230223	8.92130562085912	0.185329133346822	0.020773768013675
P40019	YER030W	0.000172379510341527	154	8.42788633946339e-05	2684.69447826087	0.929532491810487	0.0387716124485127	6.89518041366108	0.259575049698295	0.0376458677113091
P40024	YER036C	0.000505474993839284	611	0.000431690781214492	4835.04630434783	0.877821221270361	0.0114377075657021	20.2189997535714	0.467486112444967	0.0231211295386852
P40029	YER042W	0.000123370095173234	185	5.37966149382732e-05	8968.35260869565	0.837456593235043	0.0248912497682111	4.93480380692936	0.867123090900847	0.175715818668059
P40032	YER049W	0.000165632949811995	645	0.000138171907238393	1330.87947826087	0.914382512939651	0.0101897359051186	6.6253179924798	0.128678741476682	0.0194222740135253
P40037	YER057C	0.000280157131019414	130	9.26038922349124e-05	1280.32500434783	0.970768141105251	0.0278625484544632	11.2062852407766	0.123790781157655	0.0110465491907358
P40040	YER063W	0.000127129648900946	219	6.70395179583301e-05	630.203391304348	0.88707170839576	0.0256942634500794	5.08518595603784	0.0609324740459218	0.011982349234166
P40053	YER080W	0.000135320057976469	628	0.000106232510876913	4057.02891304348	0.853663785834327	0.00968662576340125	5.41280231905876	0.392261946474026	0.0724692910163838
P40059	YER088C	6.7545749753977e-05	671	5.20823232851914e-05	55.14407	0.957435156653652	0.00854593399045691	2.70182999015908	0.00533171458678932	0.00197337160598895
P40066	YER107C	7.16467417033256e-05	366	4.02858538474223e-05	367.220204347826	0.860997484251758	0.0131648105411821	2.86586966813302	0.0355054191699137	0.0123890557776285
P40069	YER110C	0.000541983613929041	1114	0.000840067195947072	18128.7795652174	0.943586081051469	0.0113600143289708	21.6793445571616	1.75281727388925	0.0808519496181085
P40075	YER120W	0.00035743221813325	245	0.000291568867220719	72240.5226086957	0.887487178250846	0.0416170359808358	14.29728872533	6.98471926627953	0.488534532698143
P40079	YER127W	8.72643378929498e-05	358	4.18287163351959e-05	1370.55373913043	0.904005596986736	0.0107286677992275	3.49057351571799	0.132514726658739	0.0379635971172151
P40087	YER143W	4.64098681688727e-05	429	4.23751467996157e-05	2071.78043478261	0.905366218610365	0.021383578067294	1.85639472675491	0.200314230791365	0.107904977268238
P40088	YER145C	0.000324136804646111	405	0.000186375645658487	159.413790434783	0.997680005685336	0.0117062856914563	12.9654721858444	0.0154132408397949	0.00118879132351407
P40089	YER146W	0.000179088624651654	94	3.91822785957509e-05	8890.98134782609	0.932976874928044	0.0244282732680642	7.16354498606616	0.859642295954509	0.120002358835828
P40091	YER149C	3.46037311472911e-05	421	1.77214899637331e-05	1132.76156086957	0.954409703540734	0.00930150006071754	1.38414924589164	0.109523314790557	0.0791268102884414
P40093	YER156C	0.000157093680677815	339	9.22074622901372e-05	5889.47826086957	0.935161790763878	0.0157287662613099	6.2837472271126	0.569435972935202	0.0906204454689467
P40096	YER159C	6.22571402265365e-05	143	2.60465188040116e-05	3028.70582608696	0.957207214450625	0.0343324684996402	2.49028560906146	0.292836474203693	0.117591521686566
P40098	YER182W	2.9070272824146e-05	245	1.51286238384469e-05	249.96042173913	0.84721940472677	0.0213207060766226	1.16281091296584	0.0241679228012465	0.0207840522751926
P40106	YER062C	0.000207656086843252	251	0.000113443250142688	16581.5691304348	0.914002014774264	0.0221074988300742	8.30624347373008	1.60322214164814	0.193014103995218
P40159	YNL208W	0.000512314006924169	200	0.00026754735543191	12333.1895652174	0.921326145071862	0.0289873516221152	20.4925602769668	1.19245907504665	0.0581898532408831
P40185	YIL051C	0.00119405783604348	146	0.000564805528076294	157598.291304348	0.868442993391972	0.0399596351663025	47.7623134417392	15.237705678969	0.319031985281787
P40202	YMR038C	0.000224673567649525	250	0.000122003994085265	18758.5756521739	0.958995239443483	0.0220410740521173	8.986942705981	1.8137103669005	0.201816171109384
P40214	YMR144W	3.30344009365296e-05	343	1.54714821690632e-05	10.036622273913	0.802310808000228	0.0110463623708846	1.32137603746118	0.000970410877904307	0.000734394184844459
P40217	YMR146C	0.000440952296638986	348	0.000300665327304884	11812.2765217391	0.897214900603262	0.0189065341295882	17.6380918655594	1.14209355664436	0.0647515369207503
P40302	YMR314W	0.000284475392235127	235	0.000110207524647496	3688.36304347826	0.872949438244131	0.0146212711790972	11.3790156894051	0.356616750274104	0.0313398592644658
P40312	YNL111C	0.000168557348249697	121	6.86788093515895e-05	7213.50139130435	0.914272192817022	0.0423228734436197	6.74229392998788	0.697451794723213	0.103444287947925
P40317	YDR006C	4.37870618178656e-05	902	2.78143820712522e-05	310.79097436087	0.875320182660041	0.00412396147857886	1.75148247271462	0.0300494463220128	0.0171565783786801
P40319	YLR372W	0.000389700908389112	346	0.000182775633187015	4216.65052173913	0.876930791417004	0.0109273806591946	15.5880363355645	0.407695280637598	0.0261543706892337
P40327	YDL007W	0.000185151029358645	438	0.000189932800838631	13898.1786956522	0.900145572356415	0.0246558154361283	7.4060411743458	1.34377317599904	0.18144284434359
P40343	YNR006W	3.24776413701836e-05	623	3.45001195182712e-05	681.467347826087	0.835464632006826	0.0153739209067241	1.29910565480734	0.0658890321085292	0.0507187632235351
P40347	YPR073C	0.000146880734534458	162	5.71180550161192e-05	871.467334782609	0.929019605805198	0.0255760031483697	5.87522938137832	0.0842595604707968	0.0143414929020234
P40348	YJR068W	7.40754448119129e-05	354	3.38572601483655e-05	1474.9724826087	0.96862085538743	0.0101639660042857	2.96301779247652	0.142610661502455	0.0481302076094722
P40357	YGR009C	5.18873159495398e-05	652	6.54109408879024e-05	318.871834782609	0.873452545511022	0.0185363552011377	2.07549263798159	0.0308307604575925	0.0148546710758634
P40364	YJL066C	3.13500382010306e-05	253	1.6650057680557e-05	785.870460869565	0.987422534468192	0.0209494223919517	1.25400152804122	0.0759834556924273	0.060592793543972
P40413	YJR064W	0.000423215856261102	563	0.000293893875275211	6014.58643478261	0.961228605056958	0.00949551877298379	16.9286342504441	0.581532306698356	0.0343519919028968
P40457	YIL149C	5.43415895405912e-05	1680	3.64501262736517e-05	109.236547391304	0.920477315889826	0.00177240165271254	2.17366358162365	0.010561753841106	0.00485896434498699
P40472	YIL123W	0.000497482842112089	477	0.000569809116838726	2069.23699130435	0.916093987760622	0.0255882177344385	19.8993136844836	0.200068312876824	0.0100540308097573
P40482	YIL109C	0.000203776283576437	927	0.000233690095283544	2326.14743478261	0.813565924829129	0.00953747580308728	8.15105134305748	0.224908212416186	0.0275925402687774
P40509	YIL076W	0.000217459788791276	297	0.000101818209870227	10947.5908695652	0.950952691124869	0.0136805472473698	8.69839155165104	1.05848969670651	0.121687979946775
P40513	YIL070C	0.000103668631253626	267	6.14359271173189e-05	9351.2352173913	0.838788314032589	0.0227611159512691	4.14674525014504	0.904142860928895	0.218036750846286
P40517	YIL063C	9.82068425402744e-05	328	5.92716339053032e-05	1942.9232173913	0.967469208229857	0.0172192903002758	3.92827370161098	0.187855413268858	0.0478213657036726
P40531	YIL041W	0.000401453840616743	327	0.000197197111718566	29382.982173913	0.927033145272914	0.0127319259048412	16.0581536246697	2.84095233920932	0.176916500216117
P40535	YIL036W	6.30406484538773e-05	588	3.80787033440794e-05	213.56911	0.997311151461851	0.0072328797080026	2.52162593815509	0.0206493561152562	0.00818890534190965
P40540	YIL027C	0.000120831463707278	142	2.78572393625792e-05	779.116382608696	0.9632011141904	0.014292909716124	4.83325854829112	0.0753304241410059	0.0155858461508624
P40553	YIL010W	9.14257633326731e-05	216	3.78001309504537e-05	1478.94604347826	0.95690408105107	0.018260828291618	3.65703053330692	0.142994853174374	0.0391013561062802
P40557	YIL005W	5.90289922147902e-05	702	5.58537649219713e-05	500.136547826087	0.978491026090424	0.0108356304518878	2.36115968859161	0.0483567014083437	0.0204800639456909
P40561	YIR001C	3.67589967393335e-05	251	1.96607823962819e-05	219.194652173913	0.972238616791886	0.0214217001728473	1.47035986957334	0.0211932729002749	0.0144136638511664
P40563	YIR003W	5.33214095116689e-05	680	5.29287547889005e-05	686.963647826087	0.893655522263695	0.0122007982523145	2.13285638046676	0.066420452855735	0.0311415496439566
P40564	YIR004W	7.77567238672308e-05	433	4.3885866318894e-05	208.641116478261	0.906300267733	0.0103086280383891	3.11026895468923	0.0201728832153875	0.00648589672123809
P40573	YIR017C	8.61003003132952e-06	188	5.07858902225483e-06	2074.19234782609	0.968715466821043	0.0380958255175363	0.344401201253181	0.200547431423019	0.582307583984267
P40579	YIR035C	6.41126471509353e-05	255	1.9028637349208e-05	1805.71395652174	0.959498630337281	0.00871012413450826	2.56450588603741	0.174589061735124	0.0680790255486189
P40580	YIR036C	6.07007117208731e-05	264	2.8135811756205e-05	987.754913043478	0.82900325596667	0.0160584505182973	2.42802846883492	0.0955030573196127	0.0393335821821889
P40582	YIR038C	6.68138330431171e-05	235	2.8092954464878e-05	2454.31630434783	0.944874892799854	0.0165161204434474	2.67255332172468	0.237300475653795	0.0887916711426576
P40825	YOR335C	0.000578608383118952	959	0.000759934775488329	30578.4447826087	0.870406281442061	0.0110957384579839	23.1443353247581	2.95653803008677	0.127743484036203
P40850	YNL085W	0.000268222639517504	831	0.000172436311654365	1370.86534782609	0.822242280302357	0.00474297682273776	10.7289055807002	0.132544855168079	0.012353995863894
P40956	YGL181W	8.11381469854156e-05	397	6.30323612192514e-05	450.938960434783	0.934230665761641	0.0188699992870685	3.24552587941662	0.0435999343737549	0.0134338581769657
P40961	YGR132C	0.000204583880244424	288	8.9571738873524e-05	3876.43286956522	0.970905743352667	0.0129603623574681	8.18335520977696	0.374800657176202	0.045800365200867
P40991	YNL061W	0.000165529566049812	619	0.000156225541209911	1346.48096521739	0.962952679659481	0.0130172715646515	6.62118264199248	0.130187202415123	0.0196622279514626
P41277	YIL053W	0.00230549847970381	251	0.00123849000476895	323833.795652174	0.915411351507502	0.0215609149213458	92.2199391881524	31.310517558353	0.339520041262135
P41734	YOR126C	3.72500880853336e-05	239	1.48179084763258e-05	929.094391304348	0.923171876017117	0.0148313285324464	1.49000352341334	0.089831347570492	0.0602893524471027
P41815	YDR046C	0.000134310775906902	605	8.14717108127125e-05	588.38637826087	0.994154201513085	0.00697624241653128	5.37243103627608	0.0568893125886722	0.0105891191910218
P41818	YMR311C	7.67116240878281e-05	230	5.34644709304886e-05	3405.65369565217	0.941009825854229	0.0361743673137237	3.06846496351312	0.329282432121199	0.107311778376703
P41819	YPL266W	0.000125333966938814	319	6.43180799590627e-05	565.333860869565	0.875909460505863	0.0140985397287927	5.01335867755256	0.0546604338853513	0.0109029569597912
P41895	YGR186W	0.000108425546660835	736	9.43503268564895e-05	993.206	0.836728606016749	0.00891576165007451	4.3370218664334	0.0960301065533733	0.0221419465962584
P41911	YOL059W	0.000199307552317062	441	0.00014673265118097	12177.0047826087	0.848213182892558	0.0148976787642701	7.97230209268248	1.17735803728013	0.147681061704974
P41920	YDR002W	0.000925535604456877	202	0.000477955227202037	22476.0569565217	0.920002768737492	0.0280886258799813	37.0214241782751	2.17314247440558	0.0586995914565821
P41940	YDL055C	0.00197998343646428	362	0.00139046195981465	55383.0408695652	0.864703079503336	0.0186285125676414	79.1993374585712	5.35481996278131	0.0676119287687526
P42846	YNL308C	0.000103628692532482	592	0.000120686132376959	5865.14808695652	0.815100430374775	0.0190197968273705	4.14514770129928	0.567083561458296	0.136806599504415
P42940	YGR207C	0.000129741979250721	262	5.61644802840924e-05	5242.92095652174	0.95722306750962	0.0146705136172247	5.18967917002884	0.506922288131261	0.0976789260998659
P42941	YGR208W	0.000148814648089882	310	6.95466695009622e-05	1099.83213043478	0.896944547350614	0.0127998029090488	5.95258592359528	0.106339467015378	0.017864415294513
P42945	YJL109C	0.000185645867861955	1770	0.000175886323606193	163.10165	0.920714583758006	0.00274169465556606	7.4258347144782	0.0157698089102674	0.00212364124931583
P43321	YLR147C	6.98256553128998e-05	102	1.95750678136278e-05	950.866417391304	0.962998461313035	0.0312841106901031	2.79302621251599	0.0919364194136073	0.0329164184000944
P43535	YFR009W	0.0002308722953102	753	0.000228568648969962	2274.9522173913	0.983738828191007	0.0104419768789768	9.234891812408	0.219958300533746	0.0238181783827949
P43555	YFL048C	0.000169127244615407	446	0.000102696784342431	4457.75843478261	0.902630991518525	0.0109986633024353	6.76508978461628	0.431007280948134	0.0637105041722046
P43565	YFL033C	2.92478490505242e-05	1771	2.30250797654549e-05	86.4942008695652	0.918930364544994	0.00207947304468078	1.16991396202097	0.0083628646280361	0.00714827320599685
P43573	YFL023W	3.7573004327433e-05	797	4.64037321843579e-05	326.362369565217	0.922429430563581	0.0133347672112087	1.50292017309732	0.0315549977792716	0.0209957909569082
P43577	YFL017C	9.10510675813097e-05	160	1.92643524515067e-05	2674.35630434783	0.935260628744923	0.0105317909403508	3.64204270325239	0.258575482697656	0.0709973780556567
P43585	YFL004W	0.000308311777425842	829	0.000281379546207714	1373.10917391304	0.896806340017391	0.00801767716349018	12.3324710970337	0.1327618039765	0.0107652232007609
P43587	YFR003C	8.61223773133755e-05	156	2.78250963940839e-05	913.314978708696	0.923087163317756	0.0205328995865461	3.44489509253502	0.0883056835361325	0.0256337801773668
P43588	YFR004W	0.000177686339630265	307	0.00013316831847596	7243.28252173913	0.891540964640097	0.0262251459897055	7.1074535852106	0.700331242822532	0.0985347613496628
P43590	YFR006W	0.000113549590084817	536	9.90110572883056e-05	5177.83147826087	0.902158465450042	0.0143352681928847	4.54198360339268	0.500628981875665	0.110222542745798
P43593	YFR010W	0.000141149388321604	500	0.000123428999021889	11069.9717391304	0.924679712589878	0.0159655363724514	5.64597553286416	1.07032233559959	0.189572613159487
P43597	YFR016C	4.44679444049184e-05	1234	8.09359946711244e-05	838.538652173913	0.882358515874355	0.0123903098489581	1.77871777619674	0.0810757850006775	0.0455810281347917
P43603	YFR024C-A	0.000210077245781804	460	0.000147943369660959	1417.07626086957	0.943419688710202	0.0130965863060118	8.40308983127216	0.137012849625919	0.016305055923123
P43609	YFR037C	0.000111973594859054	558	0.000119239698794671	3245.27047826087	0.973930436486366	0.018179674436497	4.47894379436216	0.313775460299181	0.0700556815859452
P43639	YGL019W	0.000128798642791243	279	5.56501927881679e-05	1372.06517391304	0.801533906107425	0.0133225512426241	5.15194571164972	0.132660862750569	0.0257496623946547
P43682	YKL006C-A	7.26756820603651e-05	98	1.24071858391795e-05	467.447252173913	0.972720434273699	0.0158722586604545	2.9070272824146	0.0451960715444152	0.0155471783212419
P46151	YPL023C	6.69122333863323e-05	658	5.10323196476788e-05	1889.5152173913	0.911069752953564	0.0086562750538358	2.67648933545329	0.182691554078718	0.0682579047331705
P46654	YLR048W	0.00319130592952532	253	0.00193546741929785	58715.6995652174	0.947279251722852	0.0255237689039259	127.652237181013	5.6770447274822	0.0444727397878038
P46655	YGL245W	0.000894044145177016	709	0.000969978360282177	22970.4504347826	0.823721635292317	0.0130875331602164	35.7617658070806	2.22094389565826	0.0621038655540471
P46669	YOR340C	0.000153453379273971	327	9.99110604061736e-05	4995.45160869565	0.889484908710477	0.0193639555066044	6.13813517095884	0.482995219788507	0.0786876154297948
P46672	YGL105W	0.000791739079846437	377	0.000541105445972438	37840.2665217391	0.923777551181752	0.0168415916032688	31.6695631938575	3.65866177418446	0.115526120514794
P46683	YPL239W	0.000120797436260444	201	6.50466539116225e-05	4956.04930434783	0.930614428169399	0.0301148668311369	4.83189745041776	0.479185529266128	0.0991712953727315
P46956	YJL117W	0.000294164987570385	312	0.000135729041632751	615.952408695652	0.946996707375101	0.0124391315344206	11.7665995028154	0.0595545893186815	0.00506132543258839
P46969	YJL121C	0.000274973377502644	239	0.000133875463782857	9348.44652173913	0.963070634484895	0.0200336667042375	10.9989351001058	0.903873230317901	0.0821782492660775
P46985	YJL183W	0.000165312576601527	423	6.4393080218885e-05	141.809239130435	0.80694124065183	0.00614667662611771	6.61250306406108	0.0137111096227253	0.00207351278175508
P46989	YJL178C	0.000140444783981628	272	6.55716557303788e-05	3020.71512608696	0.901728495522763	0.0155271053962747	5.61779135926512	0.292063877408632	0.0519890929959416
P47001	YJL158C	0.000812892572168418	228	0.000856770825241787	62233.747826087	0.893122297337649	0.0678181213688053	32.5157028867367	6.0171942527078	0.185055026295072
P47006	YJL148W	0.000137657454500897	234	8.03895642067046e-05	1311.27926086957	0.874575962139219	0.0270998681397402	5.50629818003588	0.126783655296619	0.0230252069813975
P47008	YJL145W	0.000133335800661443	295	7.29431098386305e-05	439.659704347826	0.959546409135524	0.0174201217780593	5.33343202645772	0.0425093769628318	0.00797036068931867
P47018	YJL123C	9.86756176617673e-05	479	0.000102589641114114	3271.44273913043	0.881403267447911	0.0220166248178946	3.94702470647069	0.316305977634	0.0801378256172182
P47019	YJL122W	0.000123240838948439	176	4.76358793100105e-05	1258.17441304348	0.954047647848173	0.0224054130578192	4.92963355793756	0.121649106980116	0.0246771094748493
P47035	YJL076W	0.00014404942008382	1190	0.000119625414416614	1406.02284347826	0.922575669414274	0.00406849282897628	5.7619768033528	0.135944127880514	0.023593313982349
P47047	YJL050W	0.000137000489023647	1074	0.000192107808373479	229.620650869565	0.93924547206487	0.0103340838667833	5.48001956094588	0.0222013314154961	0.00405132338828077
P47068	YJL020C	9.60308323597924e-05	1158	0.000196404251829015	6697.25678260869	0.935941940203138	0.0162004788877112	3.8412332943917	0.647537653265501	0.168575455755557
P47076	YJL011C	6.59464522399609e-05	162	2.23715060727175e-05	179.676165217391	0.846100111610723	0.020872872560614	2.63785808959844	0.017372349030239	0.00658577847638636
P47079	YJL008C	0.000296427142885295	569	0.000243718701454073	7363.95269565217	0.840639775047285	0.0120173072661428	11.8570857154118	0.711998479688482	0.0600483539359953
P47083	YJR002W	0.000104097292378781	594	7.26216801536777e-05	1153.39114347826	0.938569931669589	0.00882780215898149	4.16389169515124	0.111517927203354	0.0267821392504551
P47089	YJR014W	0.000249716830798098	199	0.000154329106068689	5033.29269565218	0.948318710923362	0.0375214676141668	9.98867323192392	0.486653960888068	0.0487205807606876
P47116	YJR059W	8.20213117270243e-05	819	5.61966232525877e-05	6.14372252173913	0.939420748956253	0.00532840498824042	3.28085246908097	0.000594018087281962	0.00018105601909261
P47117	YJR065C	0.000276975099407836	450	0.000157629117500871	11544.7265217391	0.823938505155061	0.00985561509115591	11.0790039763134	1.11622495032467	0.100751380964491
P47119	YJR069C	0.000163503600594944	198	9.93646299417537e-05	4112.27517391304	0.903539810795989	0.0368705165638253	6.54014402379776	0.397603541589218	0.0607943097495177
P47120	YJR070C	0.000339626068033351	326	0.000283940269364505	34023.2765217391	0.914595103033283	0.0282203700652595	13.585042721334	3.28960846962009	0.24214929147437
P47122	YJR072C	0.000138385042265203	386	8.91110229917582e-05	4297.34073913043	0.84617222619675	0.0148818911942973	5.53540169060812	0.415496975526575	0.0750617568064746
P47123	YJR074W	7.09560831075046e-05	219	2.22215055530728e-05	2407.76826086956	0.959939518314708	0.0118326680809047	2.83824332430018	0.232799885066274	0.0820225253674031
P47124	YJR075W	0.000161460835207159	397	8.19752839858052e-05	2139.11865217391	0.817281785296232	0.0100204925503414	6.45843340828636	0.206824960882807	0.0320240138448194
P47129	YJR083C	1.61868564588995e-05	310	1.06286082491071e-05	237.298117391304	0.973472919851935	0.0212308901046134	0.64747425835598	0.0229436426058661	0.0354356058326132
P47143	YJR105W	0.000713455872660585	341	0.000510087481374489	94509.7739130435	0.914803441866308	0.0209111274985822	28.5382349064234	9.13786632300327	0.320197319594791
P47160	YJR125C	9.34009321344812e-05	409	9.00860263694485e-05	7930.24086956522	0.82474044853291	0.024909131881849	3.73603728537925	0.766751183237177	0.205231137879114
P47165	YJR133W	7.47678607863453e-05	210	3.37072596287209e-05	4832.61695652174	0.953953962899315	0.0216597855267917	2.99071443145381	0.467251226096521	0.156233982483371
P47912	YMR246W	0.000345164334850202	695	0.000327804707037735	2985.05565217391	0.950356140141371	0.011058977320909	13.8065733940081	0.288616069925081	0.020904250583301
P48164	YNL096C	0.00135935695078926	191	0.00109477879262653	87385.1304347826	0.83644529923177	0.0591447125774719	54.3742780315704	8.44900593314237	0.1553860803124
P48234	YGR145W	8.36778172875313e-05	708	8.00788488445835e-05	2897.96304347826	0.958216429982566	0.010881179347882	3.34711269150125	0.28019534704075	0.08371255253885
P48415	YPL085W	0.000118158155298797	2196	0.000260754474756573	2926.21813043478	0.912910212822787	0.00700007023712678	4.72632621195188	0.282927246577311	0.0598619802970535
P48439	YOR085W	0.00013465988848999	351	7.7496697042129e-05	396.738934782609	0.837562372296298	0.0145034721054285	5.3863955395996	0.0383594966009526	0.00712155212496781
P48510	YMR276W	0.00030729059052991	374	0.000262843767708767	6058.52743478261	0.959561883018792	0.0237989622464447	12.2916236211964	0.585780830078261	0.0476569123926075
P48582	YPL084W	7.22182826627824e-05	845	5.57573360164855e-05	94.3557539130435	0.95514589589206	0.00607559253353144	2.8887313065113	0.00912297459156856	0.00315812501183654
P48589	YOR369C	0.00718404164089074	144	0.00171027378201989	179481.982608696	0.953468332798061	0.0146833058044693	287.36166563563	17.353574096737	0.0603893148320663
P48606	YOR265W	0.000102869741981791	107	4.21501460201487e-05	15513.1091304348	0.946067758068379	0.0512467902105796	4.11478967927164	1.49991595174592	0.364518254554246
P48836	YHR039C-A	0.000933207463673945	115	0.00033045114477718	24359.2569565217	0.944729050888649	0.0370467826840017	37.3282985469578	2.3552234290729	0.0630948508437936
P49090	YGR124W	0.000801433015251272	573	0.000724127508584583	17209.3430434783	0.903371027866591	0.0136853832562702	32.0573206100509	1.66391971673427	0.0519045161938014
P49166	YLR185W	0.00357202090845827	89	0.0012680936787531	16357.4130434783	0.923797125310795	0.0544546574882679	142.880836338331	1.58154916251287	0.0110690082942116
P49167	YLR325C	0.0032373712917799	79	0.000940653258691646	45229.0134782609	0.903291005910757	0.0482612854491949	129.494851671196	4.3730575365245	0.0337701266118923
P49367	YDR234W	9.91270028102635e-05	694	7.11216749572311e-05	7125.1057826087	0.889937943055851	0.00730176482394497	3.96508011241054	0.688905088680465	0.173743044062141
P49435	YML022W	0.000424474480544545	188	0.000155464824288856	28973.3304347826	0.932686675549739	0.0187459264553653	16.9789792217818	2.80134434231999	0.164988972878077
P49954	YLR351C	0.000189031440153587	292	6.69109460843489e-05	5978.72495652174	0.943242855986105	0.00925334273710059	7.56125760614348	0.578064968020829	0.0764509024994934
P50086	YGR232W	0.000109561692189058	229	3.95679942176943e-05	1055.87608695652	0.889985871158706	0.0136880388807061	4.38246768756232	0.10208948912672	0.0232949781732461
P50094	YML056C	0.000565769173372963	525	0.000336269022074826	2012.44908695652	0.918595928655638	0.00835823322853363	22.6307669349185	0.194577660881704	0.00859792606416166
P50095	YLR432W	0.000600828927720602	524	0.000514437496444184	33170.9039130435	0.886652118046363	0.0144297468343491	24.0331571088241	3.20719512089262	0.133448764403702
P50107	YML004C	0.000210874643776489	327	0.000128261158619014	4294.0362173913	0.803571659539325	0.0174983436745499	8.43498575105956	0.415177471239733	0.0492208859022176
P50108	YDR245W	0.000164333568110655	394	6.46287953211838e-05	322.982322186957	0.922348648527818	0.00693009315931531	6.5733427244262	0.0312281911451093	0.00475073223081264
P50109	YML017W	0.000100554714365891	594	0.000112393246505175	1312.52556521739	0.912591105230745	0.0178024369344974	4.02218857463564	0.126904156722626	0.0315510211338418
P50623	YDL064W	0.000182358256309121	158	6.03216375428158e-05	2218.68626086957	0.943433800719663	0.0208658529302386	7.29433025236484	0.214518114107054	0.0294088842546588
P50861	YOL143C	0.000348493497879836	170	0.000167700580962727	10266.5182173913	0.931476070058572	0.032687037993348	13.9397399151934	0.992638826535719	0.0712092788369606
P51402	YDR500C	0.00270993439592812	89	0.00113068248843576	13755.7260869565	0.831035699144396	0.0692493882952561	108.397375837125	1.32999986090443	0.0122696684364653
P52490	YDR092W	0.000135591200207665	154	6.26787885658032e-05	4358.31608695652	0.979829921593551	0.0356687639306471	5.4236480083066	0.421392498860977	0.0776953995199527
P52553	YLR200W	0.000129494851671196	115	4.51715850587054e-05	13106.2286956522	0.890843978200848	0.0362287881023437	5.17979406684784	1.26720190791876	0.244643298858002
P52871	YER019C-A	0.000551080618769275	89	0.000115414685543732	3128.28213043478	0.971423085852846	0.0248301397038553	22.043224750771	0.302464208144801	0.0137214137933345
P52910	YLR153C	0.000407747860799471	684	0.000520587517749615	9508.29913043478	0.811019877990435	0.0175898916423373	16.3099144319788	0.919328899178014	0.0563662613321555
P52911	YDR261C	8.99908716098675e-05	563	4.83215959712432e-05	748.874039130435	0.906537524731052	0.00647621045567627	3.5996348643947	0.0724063827370664	0.0201149242811443
P52917	YPR173C	0.000113086257452586	438	4.70573058770954e-05	1409.89762173913	0.916311742431102	0.00643878849574892	4.52345029810344	0.136318768558543	0.0301360155577918
P52920	YGL091C	5.16601801879771e-05	329	2.37750823636782e-05	635.914947826087	0.878014980810749	0.0114509744932819	2.06640720751908	0.0614847073000183	0.0297544003313057
P53011	YGL100W	0.000114232958438519	350	4.67251618693108e-05	741.297178260869	0.973415676414213	0.00876303607366166	4.56931833754076	0.0716737988051887	0.0156858843071468
P53040	YGL112C	8.32824723030419e-05	517	5.14823212066128e-05	974.257217391304	0.964461262354607	0.00906609542085903	3.33129889212168	0.0941980056468446	0.0282766598546943
P53043	YGR123C	0.000140139126930161	514	9.50039005492269e-05	1127.9093173913	0.959573024681121	0.0104910747327501	5.60556507720644	0.109054165934991	0.0194546249009634
P53064	YGL244W	7.18128873310747e-05	559	0.000108643233514059	2081.79849130435	0.930167954271385	0.0305741405088312	2.87251549324299	0.201282846602425	0.0700719794465522
P53066	YGL242C	0.000104058362950068	182	5.87466320865469e-05	2194.32756521739	0.950827268457578	0.0374556547344919	4.16233451800272	0.212162944948812	0.0509721032827073
P53081	YGL221C	0.000171390244858936	289	7.79145556325677e-05	4463.51708695652	0.940103824960908	0.013635836048668	6.85560979435744	0.431564067739459	0.062950500492992
P53111	YGL157W	0.000100470143537997	348	5.84680596929211e-05	11225.797826087	0.932757278667342	0.0149353981393786	4.01880574151988	1.0853886921603	0.270077421495325
P53112	YGL153W	2.17717952371163e-05	342	2.28215076316514e-05	1147.5608	0.922418776728298	0.0367928617637035	0.870871809484652	0.110954208795028	0.127405902437795
P53128	YGL125W	4.57864492181849e-05	601	2.27143644033338e-05	514.213717391304	0.935099376053907	0.00522336992711558	1.8314579687274	0.0497177806741936	0.0271465583830681
P53131	YGL120C	0.000168191555393253	768	0.000183429206879752	504.336539130435	0.968608101672625	0.0117101887324843	6.72766221573012	0.0487627859592624	0.00724810259427843
P53141	YGL106W	0.000361506460915422	150	0.000156750543028667	34159.6552173913	0.91920400693089	0.033723538992531	14.4602584366169	3.3027945162963	0.228404943851683
P53152	YGL087C	8.67990853593161e-05	138	3.44679765497759e-05	5538.05460869565	0.977446617119821	0.0334955007249151	3.47196341437264	0.535457874974017	0.154223363287015
P53163	YGL068W	0.000107082281189643	195	6.57002276043599e-05	4236.48056521739	0.945965466233902	0.0382572565863326	4.28329124758572	0.409612588012075	0.0956303375921387
P53183	YGL039W	0.000107139365100452	349	5.5285905811888e-05	2639.34156521739	0.959633001297657	0.0124354123026487	4.28557460401808	0.255190012684753	0.059546277048938
P53192	YGL020C	8.57354685323067e-05	236	3.8817991619471e-05	2598.9247826087	0.805302445752118	0.0183228507055002	3.42941874129227	0.251282235304777	0.0732725439093183
P53199	YGL001C	0.000184992645244566	350	0.000101036064303508	1615.56134782609	0.953598188047782	0.0134741735527416	7.39970580978264	0.156203776835068	0.0211094577068945
P53200	YGR001C	0.000151467371683678	249	7.13359614138663e-05	2608.25447826087	0.920345863708524	0.0179395233069302	6.05869486734712	0.252184295569806	0.0416235346211169
P53206	YGR012W	6.9020098606475e-05	394	2.66786638510855e-05	252.918705217391	0.869356639503819	0.00675400953647712	2.760803944259	0.0244539503500455	0.00885754687539355
P53228	YGR043C	8.23881915572729e-06	334	3.11786794404252e-06	472.288882608696	0.809784261645071	0.00836849236199066	0.329552766229092	0.0456641942566665	0.138564135811024
P53235	YGR054W	0.000182007732811576	643	0.000184222066769303	1289.75603913043	0.989954333463588	0.0136501490677357	7.28030931246304	0.124702639598987	0.0171287556952438
P53250	YGR080W	4.95813621263588e-05	333	4.22037176343075e-05	369.405291304348	0.920539429514866	0.0280833623597343	1.98325448505435	0.0357166886681478	0.018009130415338
P53251	YGR081C	6.98106131639741e-05	211	3.10822505349394e-05	1260.68508695652	0.895297589089014	0.0211116572604031	2.79242452655896	0.12189185650377	0.0436509045614115
P53252	YGR086C	0.000766019177716744	340	0.000441847959259002	120756.891304348	0.967984509663739	0.0152587908280941	30.6407671086698	11.6756213101921	0.381048596752935
P53254	YGR090W	0.000117936547059187	1238	0.000129096875799891	207.246365217391	0.905199075496626	0.0057860378002673	4.71746188236748	0.0200380289029923	0.00424762921304965
P53256	YGR095C	6.57591043642792e-05	224	2.61322333866657e-05	1249.04776956522	0.989424539964141	0.0163085820692681	2.63036417457117	0.120766679220224	0.0459125319557366
P53261	YGR103W	0.000281800883896683	606	0.000205350711393536	3148.23295652174	0.883724104316477	0.00914306456813299	11.2720353558673	0.304393193627127	0.0270042795304651
P53262	YGR106C	0.000369376762050827	266	0.000180450625132523	4789.11026086957	0.952063338766687	0.0171707349414807	14.7750704820331	0.463044694300234	0.0313395929219634
P53276	YGR128C	9.2269615949189e-05	714	9.11360300069611e-05	209.56402173913	0.80785623025044	0.0112627524505362	3.69078463796756	0.0202621161545159	0.00548992101735684
P53278	YGR130C	9.35152539608392e-05	817	0.000136221900483012	10295.9660869565	0.805763490880674	0.0164302831126886	3.74061015843357	0.995486052642001	0.266129323954698
P53281	YGR136W	0.000137120065044397	242	8.96681677790098e-05	5466.87343478261	0.834373838503261	0.0305043903301367	5.48480260177588	0.528575580952975	0.0963709397274993
P53295	YGR173W	0.000147392514097296	369	8.893959382645e-05	359.991195652174	0.876200229608175	0.0144467083999057	5.89570056389184	0.0348064680204857	0.00590370349431543
P53297	YGR178C	0.000195227369739424	723	0.000137904049167599	2485.27639130435	0.841022139602095	0.00671261380117697	7.80909478957696	0.240293913519995	0.0307710330063764
P53299	YGR181W	0.000145070883358062	106	4.22680035712981e-05	5357.70665217391	0.970517884361384	0.0312881340535764	5.80283533432248	0.518020572459266	0.089270251974115
P53301	YGR189C	0.000243440124696835	508	0.000276729530098729	2559.2212173913	0.860010655546113	0.0230385518257099	9.7376049878734	0.247443416773298	0.0254111167049237
P53303	YGR211W	0.000180481787621816	487	0.000160446984405625	7052.44108695652	0.964137891163645	0.017016230698476	7.21927150487264	0.681879357395971	0.0944526545283325
P53317	YGR251W	4.43700633898768e-05	197	1.89643514122174e-05	117.279647869565	0.834310502490835	0.0220033196110103	1.77480253559507	0.0113394170811055	0.00638911476273245
P53330	YGR275W	8.50322206385227e-05	158	3.41465468648231e-05	1079.30869913043	0.836146041303633	0.0278455578312335	3.40128882554091	0.104355118053534	0.0306810516266398
P53334	YGR279C	0.000716487987444311	387	0.000730256101244351	25459.4956521739	0.854974985705807	0.0293592877402982	28.6595194977724	2.46160220565865	0.0858912587787795
P53337	YGR284C	0.000230051143242237	311	0.000138664766088654	3774.82852173913	0.899576185731242	0.0186025109321104	9.20204572968948	0.36497683779933	0.0396625759663168
P53378	YLR212C	5.01997447143086e-05	474	2.18893615452882e-05	122.264491304348	0.95456417940983	0.00613742312704095	2.00798978857234	0.0118213866284039	0.00588717467373615
P53438	YMR016C	4.32473264169071e-05	786	3.09965359522853e-05	517.043069565217	0.912599597701293	0.00605757459798174	1.72989305667628	0.0499913422422247	0.0288985160379077
P53550	YNL118C	8.76857517752949e-05	971	9.31396083765005e-05	444.523069565217	0.814720462064319	0.00794216451955803	3.5074300710118	0.0429796011459661	0.0122538725721672
P53551	YPL127C	0.000166243390658968	259	0.000112661104575969	5706.67030434783	0.94788974265836	0.0290764238971548	6.64973562635872	0.551760820405327	0.0829748506419137
P53598	YOR142W	0.000186394104678237	330	0.000137539762191319	20664.9391304348	0.867894502434146	0.0230135039553492	7.45576418712948	1.99803092874452	0.267984726796164
P53600	YPL010W	0.000285399837564807	190	0.000121136133935893	6175.94139130435	0.952483647029201	0.0229807419872447	11.4159935025923	0.597133233059753	0.0523067250278445
P53604	YNR049C	3.14531334035488e-05	211	1.42607636890742e-05	145.376696086957	0.819768387329998	0.0216900284337291	1.25812533614195	0.0140560363264095	0.0111722067131343
P53616	YNL066W	0.000487912609176804	421	0.000268865217140217	3502.74166521739	0.858746790281972	0.0103728182405596	19.5165043670722	0.338669576442114	0.0173529834068805
P53622	YDL145C	0.000370196908531736	1202	0.000405665691056144	2464.55173913043	0.874091407071087	0.0060554925656942	14.8078763412694	0.238290109116333	0.0160921190604638
P53723	YNR021W	0.000250596518511851	405	0.000144086213441525	733.519030434783	0.898784109898496	0.0117057474452716	10.023860740474	0.0709217530417449	0.00707529313085718
P53724	YNR022C	0.000104058362950068	140	2.12036448840555e-05	290.601328695652	0.938807753562566	0.0121475859013237	4.16233451800272	0.0280973700915976	0.00675038730550664
P53729	YNR029C	3.80202907522988e-05	430	2.36786534581923e-05	505.333413043478	0.994224065064854	0.0120591532122979	1.52081163009195	0.0488591707053169	0.0321270364708894
P53730	YNR030W	7.80018807620882e-05	552	5.15251784979398e-05	60.8179604347826	0.860504052090981	0.00907732858958996	3.12007523048353	0.00588030602001097	0.00188466802420648
P53731	YNR035C	0.000214723606087442	343	0.000129589734650152	3417.5682173913	0.830038065665958	0.0161099769668894	8.58894424349768	0.330434411460975	0.0384720638640927
P53733	YNR037C	0.000146033596313985	92	1.96822110419454e-05	2324.14073913043	0.962236833383501	0.0122658584704433	5.8413438525594	0.224714191037641	0.0384696050617157
P53741	YNR051C	0.000116382243144413	516	5.18144652143973e-05	562.064017391304	0.931537237194086	0.0055790447057349	4.65528972577652	0.0543442825354498	0.0116736628086848
P53834	YNL281W	0.000418335640950779	154	9.74039088635414e-05	16930.8860869565	0.946527408679668	0.0128552640074795	16.7334256380312	1.63699654953097	0.0978279394154931
P53839	YNL274C	2.44416920889366e-05	351	2.02714987976923e-05	2951.11865217391	0.904863539768252	0.0249830313394102	0.977667683557464	0.285334803273347	0.29185254670083
P53849	YNL255C	0.00058545967841604	154	0.000248090145169431	20566.7004347826	0.966378623112535	0.0313381525287051	23.4183871366416	1.98853252417271	0.0849132996465565
P53860	YNL231C	0.000194058335956125	352	0.00013353260545224	6744.31743478261	0.900579966332522	0.018841853954742	7.762333438245	0.652087806448962	0.0840066729465816
P53877	YNL182C	8.12254128063482e-05	556	4.35644366339412e-05	473.631884347826	0.974711676327222	0.00658655983898796	3.24901651225393	0.0457940450631558	0.0140947406362633
P53883	YNL175C	0.000129014053954595	404	0.000126782582068231	2842.30813043478	0.942388174425921	0.0260846882279049	5.1605621581838	0.274814240573628	0.0532527721108481
P53890	YNL166C	6.02050117736351e-05	449	5.4075187331899e-05	1717.85706956522	0.872995896661234	0.0194990933729751	2.4082004709454	0.1660944430801	0.068970355700867
P53899	YNL155W	0.000110659236882658	275	4.20537171146629e-05	442.925348273913	0.901456984230929	0.0112454322959377	4.42636947530632	0.0428251222706406	0.0096749994571289
P53912	YNL134C	0.000113780290758843	377	9.42860409194989e-05	15361.2265217391	0.892453036556906	0.0224340006131885	4.55121163035372	1.48523087826001	0.326337467665633
P53914	YNL132W	0.000148545418780818	1057	0.000180364910549869	693.337552173913	0.987089458653522	0.00854148423422378	5.94181675123272	0.0670367265327796	0.0112821935343044
P53920	YNL123W	0.000114183837144942	998	0.000123086140691273	1045.42324782609	0.927929164683567	0.00779356775506924	4.56735348579768	0.101078835490435	0.0221307231430067
P53927	YNL110C	0.000134035960723014	221	9.79396250051295e-05	2883.6042173913	0.98287704317437	0.0411862760491741	5.36143842892056	0.278807035251341	0.0520022824000749
P53941	YNL075W	8.45499031530145e-05	291	5.13644636554634e-05	13.2557408695652	0.818144673365489	0.02077781717934	3.38199612612058	0.00128165779118154	0.000378964890374284
P53959	YNL041C	5.33780861799424e-05	840	3.39965463451784e-05	351.392465217391	0.959607919180536	0.00460304819937509	2.1351234471977	0.0339750825879813	0.0159124675589943
P53981	YNL010W	0.000551824652007937	242	0.000250865154782858	26656.5908695652	0.917753120987532	0.0177581181075733	22.0729860803175	2.57734574856981	0.116764706831761
P54000	YMR039C	5.63501487647696e-05	293	4.72501636880671e-05	7183.34317391304	0.962096866981489	0.0332233531392583	2.25400595059078	0.694535887218076	0.308134007825505
P54070	YPL053C	0.000104653277776778	447	5.84466310472576e-05	1641.26686956522	0.911253816733737	0.00967877926234492	4.18613111107112	0.158689166564509	0.0379083125573447
P54113	YLR028C	0.000229131515414827	592	0.000176304182196631	4556.27617391304	0.889155673610428	0.0102648252812583	9.16526061659308	0.440532665396167	0.0480654815858277
P54115	YPL061W	0.00209976806639497	501	0.00221528267437212	203097.486956522	0.927966479421837	0.0210474864487826	83.9907226557988	19.6368863188071	0.233798277927442
P54781	YMR015C	0.000183791394301419	539	0.000159686267484569	224.893336086957	0.932485500859938	0.0141411161600677	7.35165577205676	0.0217442615404801	0.00295773662623444
P54783	YML086C	0.00012501044741503	527	0.000127671870863267	4766.27030434783	0.850051405911956	0.0185997676974946	5.0004178966012	0.460836367469288	0.0921595708595715
P54837	YML012W	0.000480260977011688	212	0.000164036282554265	1785.82839130435	0.906505763395182	0.0141301275328649	19.2104390804675	0.172666386130366	0.00898815406598002
P54839	YML126C	0.000509622777537303	492	0.00048211238446076	20082.662173913	0.908314423772336	0.0183840913634059	20.3849111014921	1.94173231780342	0.0952534111204092
P54858	YDR068W	6.03754131585962e-05	311	3.15429664167051e-05	396.853882608696	0.900684544044517	0.0150370496656076	2.41501652634385	0.0383706105611857	0.0158883428509187
P54867	YOR008C	7.85852661856862e-05	379	4.75180217588611e-05	769.420108695652	0.917818581325643	0.0139259104226415	3.14341064742745	0.0743929205243943	0.0236663067185565
P54885	YOR323C	0.000351010388419462	457	0.000292908157574689	22117.9047826087	0.90344730999499	0.0170235835760331	14.0404155367785	2.13851381587634	0.152311290949656
P54964	YLR059C	8.21333086988604e-05	270	2.70643794730289e-05	229.226230434783	0.809235881831405	0.00934686023727178	3.28533234795442	0.0221631960877002	0.00674610472864332
P60010	YFL039C	0.00269278689229831	376	0.00205928213394168	214673.130434783	0.83195828838621	0.019986603569921	107.711475691932	20.7561005368458	0.192700920709792
P69771	YKR035W-A	5.36929872783008e-05	205	4.06394265008704e-05	648.008795652174	0.963920843690834	0.0485376002236977	2.14771949113203	0.062654025140808	0.0291723502065831
P69850	YBR233W-A	4.4300870308567e-05	95	1.05321793436213e-05	702.214113043478	0.956185633251245	0.0272113662328371	1.77203481234268	0.0678949745559811	0.0383146956724975
P80667	YLR191W	3.80621172547766e-05	387	1.52250527439327e-05	79.3278213043478	0.898516522145986	0.00729937258424396	1.52248469019106	0.00766996890121836	0.00503779706333586
P81449	YDR322C-A	6.34124273647609e-05	97	3.21858257866108e-05	1759.55069565217	0.878975838974386	0.081552481680322	2.53649709459044	0.170125674622928	0.0670711095966771
P87108	YHR005C-A	0.000461497609679262	94	8.87145930469831e-05	8424.84686956522	0.924270148259658	0.0201496883926201	18.4599043871705	0.814573152578822	0.0441266181825376
P89105	YOL145C	9.61000754517224e-05	1078	0.000106146796294259	92.1073365217391	0.951031853009274	0.00720518204428919	3.8440030180689	0.00890558186371208	0.00231674684485184
P89886	YER007C-A	0.000215231827640312	182	9.71146221470839e-05	8542.46152173913	0.949904404804074	0.0268340026232204	8.60927310561248	0.825944960220438	0.0959366662072777
Q00245	YIL118W	0.000115122039470621	232	5.67537680398393e-05	4095.93686956522	0.969303164034385	0.0213326909329321	4.60488157882484	0.396023839989125	0.086000873900907
Q00402	YDR150W	0.000107990886670141	2749	0.000197036396876089	6643.13065217391	0.963857685668375	0.00377591800483877	4.31963546680564	0.642304360199436	0.148694112069234
Q00816	YDR028C	0.000113866162676396	1015	8.82431628423856e-05	706.040043478261	0.85046386328897	0.00465105178488324	4.55464650705584	0.0682648922843456	0.0149879671624555
Q01080	YNL248C	0.000162257671715411	416	0.000113111106134903	1833.35565217391	0.95555622659471	0.0149817458068692	6.49030686861644	0.177261654307857	0.0273117524172851
Q01476	YOR124C	8.83728612642196e-05	1273	0.000100757491909883	299.389973913043	0.935984370674504	0.00589779610060674	3.53491445056878	0.0289471178143116	0.00818891608809766
Q01477	YER151C	9.27242708434221e-05	913	9.3878896651892e-05	2039.58691304348	0.980034670459968	0.00810484654061377	3.70897083373688	0.197201535818784	0.0531688019827588
Q01519	YLR038C	0.000115620403277854	84	3.51322645653451e-05	1767.10491304348	0.907902597435754	0.0470823922884425	4.62481613111416	0.170856069224869	0.0369433215031854
Q01560	YDR432W	0.000349870126352599	415	0.000569380543925456	33399.9543478261	0.962547509197039	0.0530913416492198	13.994805054104	3.22934131982645	0.230752862032862
Q01590	YLR026C	4.841816301489e-05	341	3.84858476116864e-05	1050.87108695652	0.92688280326371	0.024482281745375	1.9367265205956	0.101605570701641	0.0524625287159253
Q01662	YLR244C	0.000284938736119287	388	0.00023774010931395	23667.8186956522	0.928244790725891	0.0217140341153996	11.3975494447715	2.28837033931471	0.200777399598339
Q01852	YIL022W	0.000122525510695836	432	7.71645530343444e-05	1211.5866173913	0.989890690669658	0.012176843703345	4.90102042783344	0.117144672874235	0.0239020984709547
Q01855	YOL040C	0.00506093952641536	143	0.00182724204437423	106524.091304348	0.92309863627685	0.0275723813862176	202.437581056614	10.2994946048028	0.0508773842833187
Q01939	YGL048C	0.000249979285707635	406	0.000154125533934885	3898.09456521739	0.891407128500241	0.0129398369469045	9.9991714283054	0.376895061500788	0.0376926292546483
Q02201	YKR003W	0.000104547625235654	449	4.14537150360842e-05	1303.08330434783	0.889324619182112	0.0057752680174054	4.18190500942616	0.125991212864646	0.0301277079657854
Q02204	YKR006C	9.28453653491594e-05	265	4.25572902877556e-05	897.430365217391	0.903962859924557	0.0157050821224759	3.71381461396638	0.0867698479429834	0.0233640762833643
Q02260	YGR074W	7.81814155497867e-05	147	1.59536266964925e-05	391.034230434783	0.990506959952309	0.0113209968364115	3.12725662199147	0.0378079258629817	0.0120898059970867
Q02457	YPL128C	5.69271328394689e-05	563	3.40179749908419e-05	430.2181	0.881266782960415	0.0075934119327346	2.27708531357876	0.0415964965819677	0.0182674300053313
Q02486	YMR072W	0.000302623838144643	184	0.000172982742118785	22856.8286956522	0.835433947033702	0.0375388111238302	12.1049535257857	2.20995815079216	0.182566430022598
Q02630	YMR047C	8.74729586019524e-05	1114	9.89253427056515e-05	714.486912260869	0.801667769224001	0.0071067174225412	3.4989183440781	0.0690815946695871	0.0197437001599387
Q02642	YPL037C	0.00162175909964797	158	0.000702613148338407	31050.49	0.939315742355436	0.0311754729683012	64.8703639859188	3.00217866508504	0.0462796642506386
Q02753	YBR191W	0.00395220700248037	161	0.00183308135031754	22220.6613043478	0.815382848764954	0.0335523172168041	158.088280099215	2.14844903549006	0.013590185396044
Q02767	YPL065W	2.86434085486699e-05	243	1.0275035595659e-05	403.751362217391	0.948815491272612	0.0124061499933178	1.1457363419468	0.0390375071584401	0.0340719812484161
Q02772	YJR034W	6.23713735113559e-05	109	1.53536246179139e-05	254.244407391304	0.805523664855237	0.023356444744034	2.49485494045424	0.0245821285135069	0.00985312938035239
Q02776	YPL063W	0.000173406365838525	477	0.00012574329275355	3961.63995652174	0.921758313151468	0.012960109541912	6.936254633541	0.383039074623879	0.0552227527478089
Q02784	YPL059W	0.000175804268825134	151	6.04716380624604e-05	6771.21682608696	0.895477039605687	0.0236581879763441	7.03217075300536	0.654688627842688	0.0930990800476357
Q02821	YNL189W	0.000277233453163472	543	0.000278143820712522	5639.42617391304	0.955651830610038	0.0173253833160751	11.0893381265389	0.545259187299263	0.0491696782150014
Q02875	YPL105C	6.76039299165802e-05	850	5.01001735613156e-05	81.9413282608696	0.96501669463834	0.00566639001380964	2.70415719666321	0.00792266104314336	0.00292980787245635
Q02892	YPL093W	0.000303503558604366	648	0.000193264955239309	2742.17373913044	0.917723803812669	0.00677073979736022	12.1401423441746	0.265132546880061	0.021839327691844
Q03010	YPL139C	2.98456138613114e-05	461	2.78893823310745e-05	623.114243478261	0.917658820741291	0.0198862844959232	1.19382455445246	0.0602470456241122	0.0504655775418729
Q03048	YLL050C	0.00134440835589193	144	0.000499737445519008	171588.860869565	0.890021456843169	0.028496308221193	53.7763342356772	16.5904118507905	0.308507675106346
Q03063	YPL049C	8.71874829132776e-05	453	4.79680233177951e-05	1085.57923913043	0.891934177052469	0.00927935292134203	3.4874993165311	0.104961397742085	0.0300964640321382
Q03102	YML131W	3.71501623646874e-05	366	2.44822276705744e-05	855.16707826087	0.850286702477736	0.0166722519934867	1.4860064945875	0.082683537600788	0.0556414375724114
Q03104	YML128C	2.42487927497133e-05	514	1.265361526431e-05	5420.28982608696	0.936384433681199	0.00710702980389382	0.969951709988532	0.524071551671351	0.540306848551819
Q03124	YML127W	6.67499235418536e-05	582	4.72930209793941e-05	385.766643478261	0.870798848173682	0.00931196254384541	2.66999694167414	0.0372986186933573	0.0139695361111426
Q03178	YKL164C	0.000499804690660756	342	0.000900045975159271	2976.6237826087	0.954448442352742	0.0823160164596458	19.9921876264302	0.287800817769142	0.0143956641037453
Q03195	YDR091C	0.000232569776708326	609	0.000190929232861985	2579.39534782609	0.904068793738963	0.0108375570661079	9.30279106833304	0.24939399288266	0.0268085127410422
Q03219	YMR178W	9.30008480184044e-05	275	3.6214411171353e-05	1595.81939130435	0.915781641146381	0.0116604900588508	3.72003392073618	0.154294986323981	0.0414767686563049
Q03264	YMR285C	3.54479608499156e-05	516	2.62393766149833e-05	655.403286956522	0.806354665356395	0.0118884587829621	1.41791843399662	0.063368976306895	0.0446915526221629
Q03323	YDR469W	6.98977892543387e-05	176	1.3821476452972e-05	1096.27576086957	0.929213783081004	0.00826397529554928	2.79591157017355	0.105995612318276	0.0379109316077891
Q03435	YDL002C	6.03039750429589e-05	204	2.28107933088197e-05	721.121282608696	0.989522241179311	0.0174170657131386	2.41215900171836	0.0697230520222575	0.0289048325473523
Q03516	YMR266W	0.000125558425362533	954	8.71717305592094e-05	613.407095652174	0.983176622113264	0.00433053098994705	5.02233701450132	0.0593084906414918	0.0118089428228824
Q03529	YMR272C	9.4178073942688e-05	385	5.93144911966302e-05	3241.94391304348	0.901948174465405	0.0144544784753625	3.76712295770752	0.313453824694601	0.0832077498434914
Q03532	YMR290C	0.000181702262226382	506	0.000174439890023905	2317.12108695652	0.988591753835412	0.0180223814817801	7.26809048905528	0.224035481941816	0.0308245311858983
Q03558	YHR179W	0.00085455299559826	401	0.000783667000560681	45696.687826087	0.918852981194931	0.0237966274008615	34.1821198239304	4.41827556526579	0.129256921104484
Q03579	YMR298W	0.00014042901961032	151	4.74430214990388e-05	1552.36694782609	0.925799279479608	0.0230337288804389	5.6171607844128	0.150093700007525	0.0267205632468318
Q03640	YML072C	0.000314942200700968	1546	0.000372537004860338	1452.45352173913	0.99451578039264	0.00466555640865763	12.5976880280387	0.140433370777493	0.0111475510796053
Q03655	YMR215W	0.000168343307172555	525	0.000141161203308454	6150.37247826087	0.816634502619176	0.0139489372708756	6.7337322869022	0.594661051614998	0.0883107653049521
Q03661	YMR219W	4.67360111140016e-05	1659	7.78181267270819e-05	109.482562608696	0.951452330894983	0.00698681918417962	1.86944044456006	0.0105855403139424	0.00566241109458476
Q03690	YMR012W	0.00044317535797879	1278	0.000538084006933881	4427.01065217391	0.859820635207074	0.006438799718458	17.7270143191516	0.428034370151992	0.0241458805439989
Q03768	YDR152W	0.000135093313303597	266	5.29287547889005e-05	185.236294347826	0.96303354801415	0.0123647230953236	5.40373253214388	0.0179099412244527	0.0033143648613095
Q03771	YDR161W	0.000114726431087561	388	5.89930615116774e-05	3455.88413043478	0.950078693134236	0.0105663583652201	4.58905724350244	0.334139062069464	0.0728121364235683
Q03774	YDR165W	0.00011894611375416	445	6.78430921707122e-05	161.565465478261	0.958196340625631	0.0100538572529677	4.7578445501664	0.0156212798404588	0.00328326822697738
Q03780	YDR239C	3.20450457815777e-05	788	2.20179334192693e-05	37.1209695652174	0.983172586604699	0.00566718762946112	1.28180183126311	0.00358911511077496	0.00280005459754897
Q03790	YMR153W	5.33894215135971e-05	476	4.71537347825812e-05	179.157182608696	0.929706866141916	0.0174343599906843	2.13557686054388	0.0173221701597808	0.00811123705253541
Q03835	YDR098C	0.000176017914640481	286	0.000126021865147176	4601.1592173913	0.981227435967037	0.0272244801713433	7.04071658561924	0.444872272131987	0.0631856525855117
Q03862	YDR101C	0.000127260302463065	594	0.000102193211169339	225.583004347826	0.845232284914168	0.0108837309477635	5.0904120985226	0.0218109434942518	0.00428471076056534
Q03880	YMR123W	0.000160552559998841	123	4.59644449482557e-05	939.950713043478	0.945283883741269	0.0244287621318237	6.42210239995364	0.090881012728965	0.0141512867701426
Q03919	YDR139C	0.000149417136543688	78	2.60679474496751e-05	167.916195652174	0.976601970620374	0.0230237311053971	5.97668546174752	0.0162353128761962	0.00271644090693861
Q03940	YDR190C	0.000198149449755494	464	0.000163254136987546	2545.06882608696	0.984698394289983	0.0163298709321051	7.92597799021976	0.246075064543307	0.0310466499966251
Q03973	YDR174W	0.000266722695496846	247	9.96003450440525e-05	46114.7882608696	0.802983679693646	0.0128540800637958	10.6689078198738	4.4587004411749	0.417915358952612
Q04067	YDR429C	0.000470301756751298	275	0.000240118688982601	7986.07713043478	0.871315695618007	0.017450062562982	18.8120702700519	0.7721498236812	0.0410454464924274
Q04120	YDR453C	3.53317171437908e-05	197	8.6786014937266e-06	1835.68165217391	0.9175109596511	0.00964962759347945	1.41326868575163	0.177486548265247	0.1255858493538
Q04170	YDR391C	4.09881772993592e-05	233	1.11107527765364e-05	1284.92008695652	0.950503908078476	0.00870431104683348	1.63952709197437	0.124235065900734	0.0757749393156573
Q04178	YDR399W	0.000382797281122623	222	0.000150836236825535	9269.70782608695	0.914504448408363	0.0163203910358717	15.3118912449049	0.896260222207446	0.0585336068466186
Q04225	YMR131C	0.000231737612976042	512	0.000143764783756572	2335.15860869565	0.950440589848245	0.00924718586882611	9.26950451904168	0.225779475770455	0.024357232396473
Q04371	YMR027W	0.000145716075128947	471	0.000118757554267242	1172.65703913043	0.91814683196922	0.0157139641589146	5.82864300515788	0.113380688818089	0.0194523302795789
Q04418	YDR527W	5.07678679847302e-05	440	2.93893875275211e-05	368.413143478261	0.85969430138405	0.0104526826966558	2.03071471938921	0.0356207608732535	0.0175409970357468
Q04432	YDR533C	3.06054008676671e-05	238	1.53536246179139e-05	983.082	0.964176956036576	0.0210774937652896	1.22421603470668	0.09505124738544	0.0776425440369386
Q04477	YMR117C	2.94994113036019e-05	214	8.73217310788541e-06	617.149643478261	0.857952357177533	0.0112612873397191	1.17997645214408	0.0596703463557346	0.0505690992793209
Q04493	YML094W	9.17913201632715e-05	164	4.60823024994051e-05	7766.70047826087	0.952645081814129	0.0367254419674679	3.67165280653086	0.750938953747286	0.204523410386617
Q04500	YML093W	8.61500471534762e-05	900	0.000120653989408463	2025.70365652174	0.893914853443612	0.013418413623313	3.44600188613905	0.195859205422984	0.0568366506735805
Q04545	YML081W	6.58075873608614e-05	1252	2.3378652418903e-05	53.2520626086957	0.853593637418136	0.00106623338222775	2.63230349443446	0.00514878207189642	0.00195599864635009
Q04602	YDR119W	0.000135767521664372	769	0.000102439640594469	2997.38869565217	0.816042164020731	0.00675524864131625	5.43070086657488	0.289808514875418	0.0533648459003044
Q04651	YML067C	0.000136189698818503	353	6.00752081176853e-05	142.534359578261	0.885371271720886	0.00968133966280975	5.44758795274012	0.013781219342027	0.0025297837247575
Q04660	YMR049C	0.00013001571586418	808	0.000175768466055043	1264.63567391304	0.976966334623684	0.0149472414659461	5.2006286345672	0.122273826897005	0.0235113551627745
Q04697	YML048W	0.000269246721296546	404	0.00015847554900458	7084.45260869565	0.95678627147217	0.0121652876764175	10.7698688518618	0.684974455334912	0.0636010024594215
Q04773	YMR074C	0.00030045466440834	146	6.84859515406178e-05	3392.73073913043	0.942540228687278	0.0134841391820045	12.0181865763336	0.328032950249596	0.0272947127394048
Q04894	YMR318C	0.000349295323586779	361	0.00024996515166499	24736.1039130435	0.815658698242788	0.0192376508103014	13.9718129434712	2.39165963001118	0.171177472793806
Q04924	YDR221W	6.49316290385442e-05	703	4.08537129575056e-05	119.85240826087	0.905952930554313	0.00589153241202041	2.59726516154177	0.0115881695599601	0.00446168136066679
Q04934	YDR229W	3.67234849177676e-05	454	2.16536464429895e-05	416.572161317391	0.920356804147012	0.010253408570274	1.4689393967107	0.0402771117356098	0.0274191786439928
Q04947	YDR233C	0.000467559536228347	296	0.000269090217919684	67665.8308695652	0.916190279393922	0.0186911895149516	18.7023814491339	6.54240605516568	0.349816737133691
Q04951	YMR305C	0.000339508938035379	390	0.000232425805189397	3730.39908695652	0.949051759514988	0.0160533223652297	13.5803575214152	0.360681089126567	0.0265590275188117
Q04964	YML058W	0.000499480142160327	105	0.000212743594147451	5718.66047826087	0.98532043666206	0.0558342207826363	19.9792056864131	0.552920114326692	0.0276747796186265
Q05016	YMR226C	0.00035091655233659	268	0.000205886427535124	15713.2982608696	0.853261867354479	0.0222998874144787	14.0366620934636	1.51927163780348	0.108235962915354
Q05021	YMR227C	1.83505817723565e-05	591	2.54465167254329e-05	128.991873913043	0.846079072849543	0.0247227558118545	0.73402327089426	0.0124718370573565	0.0169910649319906
Q05022	YMR229C	0.000367151588119778	1730	0.000610330685788447	3483.78843478261	0.937797899361321	0.00654849143000985	14.6860635247911	0.336837045488633	0.0229358292588091
Q05029	YMR237W	0.000131950788513236	725	8.69788727482377e-05	609.655073913043	0.973548611947504	0.0060313220307323	5.27803154052944	0.0589457189230373	0.0111681255540819
Q05040	YMR029C	5.22057011746949e-05	524	2.26393641435115e-05	657.445556521739	0.960968336478149	0.00524355885510918	2.0882280469878	0.0635664372202991	0.0304403713531153
Q05050	YMR031C	6.84681013723592e-05	844	0.000108289660860611	15384.9195652174	0.923637447545453	0.0176932754606968	2.73872405489437	1.48752168750783	0.5431440545642
Q05123	YMR033W	6.6407616241639e-05	468	4.48394410509208e-05	484.835829130435	0.963210632969801	0.0119900720862715	2.65630464966556	0.0468773208501447	0.0176475694744
Q05518	YDR348C	5.98913688979281e-05	500	4.92858850261017e-05	1032.11868695652	0.863643610498268	0.0145857259627445	2.39565475591712	0.0997924574400098	0.0416556088449425
Q05580	YDR266C	6.7276622157301e-05	640	5.12358917814822e-05	372.084382608696	0.953928670256097	0.0090015933161309	2.69106488629204	0.0359757219637811	0.0133685821352867
Q05584	YDR272W	0.000107716172071949	275	7.56216905465708e-05	5177.93939130435	0.97095941288045	0.0280299842259746	4.30864688287796	0.500639415663886	0.116194115988796
Q05775	YLR192C	0.000295744821015983	266	0.000239057971022257	16886.8652173913	0.909052915668785	0.0363269205792861	11.8297928406393	1.63274030380257	0.138019348757618
Q05812	YLR219W	4.30761337863718e-05	729	3.14251088655557e-05	1849.43417391304	0.850061722153745	0.00695647685150876	1.72304535145487	0.17881623830738	0.10377918268744
Q05881	YLR287C	7.04764817732984e-05	356	3.48536921717193e-05	546.082691304348	0.906133807351385	0.0113332619585309	2.81905927093194	0.0527990960917568	0.0187293316732224
Q05905	YLR301W	0.000367342538414209	245	0.000237054392652717	24781.0434782609	0.802615166356414	0.0293648598256247	14.6937015365684	2.39600470166428	0.163063384382847
Q05946	YLR222C	0.00011022101525192	818	9.7511052091859e-05	377.881802173913	0.983265556259912	0.00780859401336761	4.4088406100768	0.0365362570577923	0.00828704421164271
Q06010	YLR389C	8.36110970785567e-05	1028	7.18931062011179e-05	245.917273913043	0.995017167762826	0.00532713813158421	3.34444388314227	0.0237770029753995	0.00710940407618974
Q06053	YLR401C	6.62959442412326e-05	669	5.6946625850811e-05	1091.7149	0.9391425847583	0.0100800570940079	2.6518377696493	0.10555463637242	0.0398043340284646
Q06070	YLR407W	3.53424813513089e-05	229	1.53964819092409e-05	1095.41059130435	0.871561442903112	0.0180937864653903	1.41369925405236	0.105911961670238	0.0749183119158069
Q06103	YPR108W	0.000185584191493894	430	0.000158989836500505	4686.21547826087	0.87716999196063	0.0193819159134551	7.42336765975576	0.453096106658094	0.0610364631559959
Q06106	YPR112C	9.2235916308594e-05	888	0.000119239698794671	418.831956521739	0.972600303462228	0.0121518463745117	3.68943665234376	0.0404956045500535	0.0109760942837515
Q06107	YPR114W	0.00012857281554379	316	3.81751322495653e-05	223.565915652174	0.848207194832801	0.00633378241711798	5.1429126217516	0.0216159172435333	0.00420304967891351
Q06146	YLR257W	0.000196554685572351	322	0.000115211113409929	12476.89	0.953612990712836	0.0169455888039611	7.86218742289404	1.20635303869964	0.153437329055123
Q06169	YLR324W	5.25146106491014e-05	524	3.05786773618466e-05	417.094030434783	0.949721639114821	0.00812997594483118	2.10058442596406	0.0403275696939287	0.0191982617768008
Q06205	YLR449W	0.000209646563297197	393	0.000205039996031415	11581.4995652174	0.880397976204167	0.0269862843493947	8.38586253188788	1.11978042550657	0.133531932016357
Q06214	YPR169W	6.99350999137037e-05	493	3.56144090927744e-05	1172.13966956522	0.913753745397628	0.00729259094551314	2.79740399654815	0.113330665907963	0.0405127990264569
Q06252	YLR179C	0.000484804364239317	202	0.000214832887099645	34749.8282608696	0.870061555834535	0.0223682869833273	19.3921745695727	3.35985657618131	0.173258371005648
Q06263	YLR181C	5.0859005188083e-05	331	2.6432234425955e-05	114.656727434783	0.970656762523004	0.013598666212833	2.03436020752332	0.0110858147782266	0.00544928805490288
Q06287	YLR186W	0.000152911410817272	253	7.50859744049828e-05	1592.60217391304	0.91751086552578	0.0186418845498222	6.11645643269088	0.153983923232444	0.0251753486560356
Q06338	YDR361C	0.000124251222114088	284	6.72859473834606e-05	135.227544782609	0.998818508461813	0.0181569094621602	4.97004888456352	0.0130747453543625	0.0026307075962515
Q06344	YDR365C	0.000126097927899217	629	8.66038714491261e-05	683.73972173913	0.895575615989534	0.00792022184231697	5.04391711596868	0.0661087411205555	0.0131066271710255
Q06385	YDR372C	0.000147365889726975	346	6.41787937622498e-05	523.951860869565	0.863758997212788	0.00978613618704637	5.894635589079	0.0506593325333743	0.00859414153221464
Q06440	YLR429W	0.000146476155072864	652	0.000165675573947524	3703.092	0.825641793371559	0.0157739021768603	5.85904620291456	0.358040848864127	0.0611090673232823
Q06449	YPR154W	7.79367162835902e-05	216	3.61072679430354e-05	2264.03126086957	0.97195804145786	0.0216308293411418	3.11746865134361	0.218902386032176	0.0702179911056459
Q06451	YPR156C	3.09187145844148e-05	623	5.08930334508659e-05	1384.8624173913	0.995247397941892	0.0294998104895409	1.23674858337659	0.133898189805386	0.108266297293679
Q06489	YPR118W	0.000189763390040011	412	9.10610297471388e-05	1790.61465217391	0.830393327267828	0.00871905558362271	7.59053560160044	0.173129155325574	0.0228085558664754
Q06511	YPR143W	4.32079435357078e-05	251	4.74215928533752e-05	1832.33294782609	0.945871205220758	0.0624305080917561	1.72831774142831	0.177162772094607	0.102505903774497
Q06523	YPR148C	0.000138850557697899	436	6.76395200369087e-05	6570.20760869565	0.974992383099332	0.00819596049840593	5.55402230791596	0.635253650039194	0.114377223356447
Q06580	YPR188C	0.000106596371802509	164	3.11358221490982e-05	2222.73543478261	0.918567971210463	0.0164039371715876	4.26385487210036	0.214909616577158	0.0504026574598901
Q06631	YDR299W	6.17218451890747e-05	535	6.72859473834606e-05	5276.81965217391	0.922554540619082	0.0200418541483588	2.46887380756299	0.510199851250592	0.206652867265908
Q06672	YLR435W	8.01485125634829e-05	206	6.24002161721774e-05	934.070608695652	0.938999682028601	0.0502548838251192	3.20594050253932	0.0903124830915417	0.0281703553200717
Q06677	YDR320C	4.69394641707997e-05	669	3.68679848640904e-05	799.838843478261	0.940836517437781	0.00882310714967554	1.87757856683199	0.0773340166740276	0.041188165459575
Q06689	YLR413W	0.000307454492503357	676	0.000282922408695487	2425.80173913043	0.976082385300078	0.0109960781302524	12.2981797001343	0.234543487943139	0.0190713986672823
Q06697	YLR418C	5.34084096359628e-05	394	4.90180269553077e-05	315.329286956522	0.984418340713503	0.0244580998287277	2.13633638543851	0.0304882421429533	0.0142712741077502
Q06705	YLR380W	9.69628320887623e-05	409	6.23680732036822e-05	3986.93082608696	0.971221118462	0.0136311212330131	3.87851328355049	0.385484372879402	0.0993897260876518
Q06706	YLR384C	0.000200237409528609	1350	0.000215325745949906	165.307054826087	0.973940805475338	0.00495366800966229	8.00949638114436	0.0159830428823159	0.0019955115929564
Q06810	YPR075C	7.17423000948454e-05	361	2.59715185441892e-05	2225.96126956522	0.879757040269045	0.00697801729293397	2.86969200379382	0.21522151285839	0.0749981226465632
Q07418	YDL065C	5.75742416322373e-05	343	4.90608842466347e-05	1187.58060869565	0.831009823594963	0.0269174602758886	2.30296966528949	0.114823603959061	0.0498589302715055
Q07442	YDL070W	0.000151735947087336	639	6.53037976595848e-05	643.280940434783	0.951987502786491	0.0038591658629884	6.06943788349344	0.0621969030127752	0.0102475557385515
Q07478	YDL084W	0.00104436004535718	447	0.00069752384499332	23940.7265217391	0.884990279142614	0.0126312945161432	41.7744018142872	2.31475697775464	0.0554108946441688
Q07551	YDL124W	0.000284950731912256	313	0.000166918435396008	41706.1830434783	0.832410132145613	0.0176589907090977	11.3980292764902	4.03244563725925	0.353784460404628
Q07623	YDL213C	8.37992126412054e-05	226	5.63573380950641e-05	410.93987826087	0.926576890654619	0.0352114193606053	3.35196850564822	0.0397325431948877	0.0118534953797855
Q07648	YDL219W	0.000128637269872049	151	3.75429872024914e-05	690.538617391304	0.94687101059857	0.0185264160259042	5.14549079488196	0.0667661059310012	0.0129756535561994
Q07653	YDL223C	1.54602258442211e-05	1047	4.62858746332086e-06	1264.07008695652	0.895348927815853	0.00107853083660018	0.618409033768844	0.122219141992061	0.197634793992588
Q07657	YDL225W	7.0084396624583e-05	552	7.64038361132894e-05	2131.68882608696	0.974196846505929	0.0191308506331387	2.80337586498332	0.206106593302664	0.0735208560069025
Q07716	YDL237W	0.000123367857410538	391	4.54823004208265e-05	596.923721739131	0.972643335264431	0.00636684135994063	4.93471429642152	0.057714762700633	0.0116956644769659
Q07897	YLR003C	7.31734607046142e-05	292	3.65894124704646e-05	417.495444347826	0.843593849578244	0.0154727933091522	2.92693842818457	0.0403663812001435	0.0137913325444228
Q08004	YLR074C	9.69272841850269e-05	167	4.72501636880671e-05	5759.74456521739	0.809664273248673	0.0342169450885261	3.87709136740108	0.556892411360824	0.143636648866009
Q08045	YLR104W	7.84817282855733e-05	132	1.65000571609123e-05	292.591306956522	0.89916607933172	0.0138908805059227	3.13926913142293	0.0282897751157621	0.00901158006256673
Q08162	YOL021C	9.54733749222515e-05	1002	0.000112200388694204	1195.9913	0.990729264537504	0.00880979131885965	3.81893499689006	0.115636808452534	0.0302798577474355
Q08179	YOL027C	0.000115620403277854	574	8.75681605039846e-05	2717.77852173913	0.978572742730684	0.0104975811723026	4.62481613111416	0.262773846544501	0.0568182256536968
Q08193	YOL030W	0.000202919767567235	485	0.000187811364917943	8566.68382608696	0.946625750542836	0.0181787228970478	8.1167907026894	0.828286942112906	0.102046113107051
Q08199	YOL031C	5.02482984861572e-05	422	2.58322323473763e-05	819.396660869565	0.980585722971135	0.00932169371744183	2.00993193944629	0.0792250033253752	0.0394167592297681
Q08208	YOL041C	0.000128791075303418	460	0.000118918269109718	5937.30886956522	0.919834411234481	0.0195986253012672	5.15164301213672	0.574060570903354	0.111432521537484
Q08220	YOL049W	0.000169106589834844	492	6.80359499816839e-05	113.920800447826	0.951225483569213	0.00515092067397203	6.76426359339376	0.0110146602070973	0.00162836058279199
Q08225	YOL057W	9.52569221387484e-05	712	7.83752715143335e-05	558.298752173913	0.964550649456893	0.00861746682562543	3.81027688554994	0.0539802303448391	0.0141670098961976
Q08229	YOL070C	6.12649945655559e-05	502	6.06002099364416e-05	1125.77415217391	0.904686306458751	0.0190656253827625	2.45059978262224	0.10884772321985	0.0444167684954981
Q08245	YOL109W	0.00281708098372426	114	0.00115466114293325	190143.017391304	0.89494824831942	0.0466580935564378	112.68323934897	18.3843575456319	0.16315077248265
Q08412	YOR042W	9.38994828562374e-05	412	6.66645166592184e-05	6574.17682608695	0.884525391179385	0.0156174224965151	3.7559793142495	0.635637421753239	0.169233472437334
Q08421	YOR051C	0.000146975088912526	413	8.21681417967769e-05	3965.14386956522	0.937032605489776	0.0109048975231909	5.87900355650104	0.383377857457369	0.0652113668197099
Q08422	YOR052C	0.000126493315374182	151	5.14823212066128e-05	2264.29860869565	0.854392844783686	0.0303887666347593	5.05973261496728	0.218928235090906	0.0432687360678488
Q08492	YOR078W	0.000139282253250996	215	4.00822817136188e-05	182.561282608696	0.88074479035735	0.0107236503383761	5.57129013003984	0.0176513023697335	0.00316826120301283
Q08581	YOR195W	4.13532829241958e-05	822	4.29644345553626e-05	503.977791304348	0.872030104703586	0.00984697677978613	1.65413131696783	0.0487280997089126	0.0294584228042037
Q08601	YOR197W	0.000217943125070171	433	0.000160746985444914	4348.03569565217	0.953207710819003	0.0153509545394599	8.71772500280684	0.42039851868731	0.0482234205084417
Q08641	YOR239W	0.000137935692559144	629	0.000168600584080595	3995.32286956522	0.961322690406168	0.0186759845292398	5.51742770236576	0.386295774370551	0.0700137446667249
Q08686	YOR251C	8.27917904127318e-05	305	4.76465936328422e-05	1773.01004347826	0.835160241991939	0.0178753826708863	3.31167161650927	0.171427018559512	0.0517644979366063
Q08687	YOR252W	6.14919686706797e-05	179	3.89251348477886e-05	2270.36534782609	0.94431537013793	0.0455224037855115	2.45967874682719	0.219514809885186	0.0892453171652373
Q08723	YOR261C	0.000296042802493147	339	0.000141911205906678	8510.24913043478	0.87002819182384	0.0116365686241522	11.8417120997259	0.822830440806242	0.0694857664057961
Q08745	YOR293W	0.00366800275606383	106	0.00134150821879633	53146.5904347826	0.852740124534704	0.0438835133452304	146.720110242553	5.13858428402634	0.0350230399604484
Q08924	YPL183C	7.43893008860667e-05	1014	7.36716837911903e-05	80.1203260869565	0.954274911173859	0.00670925994435871	2.97557203544267	0.00774659380956362	0.00260339649562918
Q08951	YPL195W	9.2992015669562e-05	933	7.33181111377422e-05	522.237913913043	0.89441834528796	0.00540905640309225	3.71968062678248	0.0504936161473863	0.0135747181582799
Q08954	YPL199C	0.000146420527304568	241	6.22180726840375e-05	345.676720956522	0.803918705613775	0.0161597809189945	5.85682109218272	0.0334224444339598	0.00570658449488406
Q08972	YPL226W	0.000285196994752039	1197	0.000383476328471567	7637.67730434783	0.919845887610084	0.00826174245550314	11.4078797900816	0.738464090386892	0.0647328078464624
Q08977	YPL260W	8.85585262787617e-05	552	8.64002993153226e-05	8159.54117391304	0.946438711201826	0.0162179270448888	3.54234105115047	0.788921541309161	0.222711909981942
Q08986	YPL274W	0.000110389956462903	588	7.18823918782862e-05	4562.27773913044	0.822384589379569	0.00808852987570236	4.41559825851612	0.441112938720446	0.0998987935258141
Q12008	YDL021W	2.85345226038292e-05	312	1.09178949655647e-05	958.439130434783	0.835003640138855	0.00941431686921412	1.14138090415317	0.0926686023046324	0.0811899007311556
Q12009	YDL201W	0.000116184405245063	287	5.99573505665359e-05	928.854356521739	0.935581776347796	0.0166382146987567	4.64737620980252	0.0898081393279417	0.0193244823043405
Q12010	YOL092W	0.000116817766677495	309	6.17894997707671e-05	252.772891304348	0.994464199784321	0.0154636936538353	4.6727106670998	0.0244398520405241	0.00523033711729752
Q12018	YDL132W	0.000106127061342049	816	8.03574212382093e-05	614.46142173913	0.913572851201406	0.00621692995901474	4.24508245368196	0.0594104302657716	0.0139951180958198
Q12024	YOR272W	0.000120435830052116	461	9.4907471643741e-05	153.168146534783	0.876402123740897	0.0154317482950613	4.81743320208464	0.0148093682804151	0.00307412010902541
Q12030	YDR167W	6.95956630358481e-05	207	3.72751291316974e-05	2927.44068695652	0.914623807184407	0.0285959229796713	2.78382652143392	0.283045451897305	0.101674960604769
Q12035	YLR051C	6.97965370246125e-05	218	3.94394223437131e-05	2100.71882608696	0.805966490822338	0.0286718168020042	2.7918614809845	0.20311219697405	0.0727515309614952
Q12040	YOR283W	0.000107912376392663	231	5.75680565750531e-05	2420.65060869565	0.875193536840335	0.0241457100651215	4.31649505570652	0.234045440605002	0.0542211765760249
Q12044	YOR220W	4.92908035026639e-05	266	2.80500971735509e-05	3695.5107826087	0.971033956925581	0.0215485729507218	1.97163214010656	0.357307843713241	0.181224395994037
Q12055	YDL166C	8.50218723093711e-05	198	4.17001444612147e-05	1345.88373913044	0.88678427450855	0.0268004601158847	3.40087489237484	0.130129458417638	0.038263524103578
Q12056	YOR226C	0.000114442106174385	157	3.984656661132e-05	4746.69327826087	0.876362904524623	0.0227331833146205	4.5776842469754	0.458943523586821	0.100256701604104
Q12068	YOL151W	9.39120826624198e-05	343	6.93430973671587e-05	4578.90608695652	0.917019704215948	0.0217489123214796	3.75648330649679	0.442720683753747	0.117855091486249
Q12074	YPR069C	0.000630406484538773	294	0.000364383405185368	16170.5808695652	0.861624633691247	0.0190025309042494	25.2162593815509	1.56348492048406	0.0620030471937465
Q12080	YPL146C	6.70902603230703e-05	456	5.93037768737985e-05	560.334682608696	0.892280459384095	0.0186074001345767	2.68361041292281	0.0541770783467515	0.0201881309171645
Q12109	YOL097C	0.000279998972002673	433	0.000199554262741553	6089.71052173913	0.923737203828606	0.0145871434038689	11.1999588801069	0.588795829145019	0.0525712491847468
Q12114	YLR330W	0.000139226235613749	672	0.000101603923413592	732.91842173913	0.985884764747783	0.00785647211198469	5.56904942454996	0.0708636819899788	0.0127245561293803
Q12118	YOR007C	0.000745901541146406	347	0.000346008341528897	29994.64	0.947677906286396	0.0107037315123678	29.8360616458562	2.90009169822783	0.0972008883964285
Q12125	YOR164C	0.00018927761865678	313	9.6975335950271e-05	1216.08980434783	0.961073159723223	0.0144677289764914	7.5711047462712	0.117580072502576	0.0155301077508516
Q12149	YOR001W	8.66680461627725e-05	734	5.44394743081789e-05	405.8018	0.912229104130395	0.00551148472044575	3.4667218465109	0.0392357578322631	0.011317826918174
Q12154	YDL100C	0.000470102788989447	355	0.000278979537893399	18939.8217391304	0.900660835572862	0.0149276601362159	18.8041115595779	1.83123450695081	0.0973847927432696
Q12156	YDR063W	0.000110070623920517	150	3.47358346205699e-05	5591.97043478261	0.867529024192188	0.0210182955466293	4.40282495682068	0.540670834344021	0.122800892528429
Q12158	YDL003W	5.30997407646439e-05	567	5.04644605375954e-05	285.398695652174	0.890723721713168	0.0149870596320111	2.12398963058576	0.027594343120835	0.0129917503943863
Q12159	YDR381W	0.000640343484585539	227	0.000360344105477794	8697.81391304348	0.811458800471769	0.0268314123626139	25.6137393834216	0.840965516570559	0.0328325944127811
Q12163	YDR162C	3.34664964762057e-05	237	2.22000769074093e-05	204.77310173913	0.922823344095675	0.0321433604025541	1.33865985904823	0.0197988964819719	0.014790087525332
Q12166	YOR108W	0.00016962755363541	605	0.000136114757254695	10946.4404347826	0.851906873853995	0.0105789548422203	6.7851021454164	1.05837846462096	0.155985634694673
Q12176	YDR060W	0.00016786369661081	1026	0.000174354175441251	2168.83669565217	0.977861355317676	0.00707706310848077	6.7145478644324	0.209698309293685	0.0312304437361266
Q12178	YPR062W	0.000196481968337585	159	0.000124200430265776	8762.39739130435	0.958684866038679	0.0541858817850921	7.8592787335034	0.847209899205157	0.107797410924437
Q12184	YPL252C	6.73672638751887e-05	173	3.24215408889095e-05	257.887228695652	0.916992795787594	0.0318520272177471	2.69469055500755	0.02493434196974	0.00925313740511114
Q12189	YOR095C	0.000138119508780571	259	7.24502509883695e-05	649.777834782609	0.823960142795827	0.0198609290961597	5.52478035122284	0.062825068223706	0.0113715051512954
Q12191	YDL099W	5.11163888175774e-05	342	4.83001673255797e-05	1466.52223478261	0.860456004416939	0.0315288501950864	2.0446555527031	0.141793632407643	0.0693484201875408
Q12211	YPL212C	9.94971910776391e-05	545	7.64895506959435e-05	929.632573913044	0.959426673898526	0.01159407515784	3.97988764310556	0.0898833828313123	0.0225844020966318
Q12230	YPL004C	0.000354974922344287	342	0.000255836600576795	30432.9991304348	0.802796991456096	0.021070490085568	14.1989968937715	2.94247532660331	0.207231211374802
Q12246	YOR171C	6.08625802854621e-05	625	5.03251743407825e-05	168.494543926087	0.85653167805642	0.0105392100540216	2.43450321141848	0.0162912316346097	0.00669180946576673
Q12248	YDR016C	7.83784628536186e-05	95	1.25571863588242e-05	669.295813043478	0.975408660249702	0.0151243751216978	3.13513851414474	0.0647122029491282	0.0206409390389507
Q12250	YDL147W	0.000222841476810859	446	0.000175597036889735	3617.048	0.842807780504822	0.0162090665373276	8.91365907243436	0.349721512806674	0.0392343379934952
Q12265	YOL061W	0.000174896215662556	497	0.000121468277943677	831.050304347826	0.905595863259057	0.0114335613581369	6.99584862650224	0.0803517591292593	0.011485634326744
Q12271	YOR109W	0.000101971352060576	1108	9.06967427708589e-05	238.87456	0.979262635347416	0.00501097299835222	4.07885408242304	0.0230960641092484	0.00566239037791914
Q12285	YOL111C	7.37147923245658e-05	213	4.94358855457464e-05	9546.55704347826	0.969539172004673	0.0382957392213882	2.94859169298263	0.923027941940619	0.313040270762933
Q12287	YLL009C	0.000161868564588995	70	3.74358439741738e-05	39.856547826087	0.838860777348421	0.0411414576557357	6.4747425835598	0.00385360996066149	0.00059517577894854
Q12288	YLR126C	6.61605640978829e-05	252	2.15679318603354e-05	800.035813043478	0.966944194000673	0.010193069432427	2.64642256391532	0.0773530610699894	0.0292292932068821
Q12296	YOL060C	5.35746027069658e-05	707	3.71787002262115e-05	126.850458695652	0.91405563500268	0.00675918500260617	2.14298410827863	0.0122647900484771	0.00572322958490293
Q12305	YOR285W	0.000360735658226903	140	0.000107668230136369	12599.6832173913	0.987710873424863	0.0214369022748149	14.4294263290761	1.21822554626617	0.0844264711904294
Q12306	YDR510W	0.000680800139300773	102	0.000214040027210094	45815.3052173913	0.89172856260375	0.0371031828412162	27.2320055720309	4.42974432474372	0.162666841155958
Q12314	YOR021C	0.000205739483963582	214	0.000102032496326862	17616.0617391304	0.803075778312294	0.0242708587376469	8.22957935854328	1.70324412645463	0.206966122112482
Q12335	YDR032C	0.000367661262282541	199	0.000203872134842753	26821.737826087	0.857918819810687	0.0319305161971172	14.7064504913016	2.59331331202769	0.17633849266086
Q12349	YLR295C	0.000152803924972011	125	4.81715954515985e-05	13045.7630434783	0.911849177955176	0.0275268455222861	6.11215699888044	1.26135566552687	0.206368335394184
Q12363	YOR230W	0.000456779785004561	438	0.000317218956079955	37067.8617391304	0.881291761760456	0.0137976768399337	18.2711914001824	3.58398027449935	0.196154711315846
Q12373	YLL022C	4.44509529700349e-05	386	2.9121529456727e-05	2275.16873913043	0.90594712103455	0.015268806661381	1.7780381188014	0.219979235370708	0.123720202083743
Q12377	YDL097C	0.000231453441780126	435	0.000175864894960529	5181.84208695652	0.888385342857695	0.0159359168006355	9.25813767120504	0.501016755590672	0.0541163648007688
Q12389	YDL031W	0.000106449708640353	996	0.000118414695936625	177.278411304348	0.806547026270168	0.00819133904281453	4.25798834561412	0.0171405174024012	0.00402549655168891
Q12400	YOL093W	3.24838275875874e-05	294	2.91643867480541e-05	283.684726086957	0.803450699528675	0.0365935017998615	1.2993531035035	0.0274286245488801	0.0211094462890212
Q12406	YPR034W	9.21093087200976e-05	478	5.33037560880122e-05	158.100553478261	0.850337607346059	0.0092357979841654	3.6843723488039	0.0152862679007826	0.00414894762353353
Q12434	YDL135C	0.000154692125764852	203	8.73324454016859e-05	4795.20113043478	0.812177171461459	0.031838140775101	6.18768503059408	0.463633602193813	0.0749284425276086
Q12438	YDL010W	2.37221172242493e-05	232	1.98536402072536e-05	145.976656521739	0.905591273753222	0.0468902178300188	0.948884688969972	0.0141140446997781	0.0148743518193966
Q12447	YDR071C	0.000309405016688339	192	0.000144311214220992	26143.237826087	0.807470298707493	0.026033819122419	12.3762006675336	2.52771118387254	0.204239673529493
Q12449	YDR214W	0.000234271312852449	351	0.000154961251115763	2061.23004347826	0.924686751822561	0.017841858502355	9.37085251409796	0.199294145128233	0.0212674508352794
Q12460	YLR197W	0.000642345749378903	505	0.000509894623563517	8357.55043478261	0.897317142342089	0.0136211518326465	25.6938299751561	0.808066462322384	0.031449825234452
Q12464	YPL235W	0.000151580308365118	472	0.000137454047608665	901.690804347826	0.991506696787579	0.0183613271833033	6.06321233460472	0.0871817770127432	0.0143788098126085
Q12480	YPR004C	0.000160461011853438	345	6.27859317941209e-05	1824.30226086957	0.805048728018142	0.0083807578753229	6.41844047413752	0.176386309080759	0.0274811786120773
Q12486	YOR131C	5.91300692562539e-05	219	2.37429393951829e-05	428.788760869565	0.960794953670526	0.0171281209895256	2.36520277025016	0.0414582980722964	0.0175284329080638
Q12489	YDL012C	5.39561881963317e-05	108	3.76072731394819e-05	660.812952173913	0.929098093108229	0.111425378708515	2.15824752785327	0.0638920205970464	0.0296036574917788
Q12499	YOR310C	0.000471062814917192	512	0.000490190983875908	6344.73147826087	0.905731575140985	0.0199654202468073	18.8425125966877	0.613453039862761	0.0325568597454779
Q12513	YDL110C	5.89587486913558e-05	151	2.1675075088653e-05	4754.07591304348	0.824910816801164	0.026119944710782	2.35834994765423	0.459657328381414	0.194906327976736
Q12514	YPR072W	0.000100410446483013	561	8.91110229917582e-05	3366.02891304348	0.93776411977288	0.0137510238529816	4.01641785932052	0.325451230843653	0.0810302220144771
Q12525	YLL062C	2.78911988214884e-05	325	1.25893293273195e-05	525.339230434783	0.893566849336843	0.0113292813134014	1.11564795285954	0.0507934731317766	0.0455282268941444
Q12532	YPL009C	8.4595409597521e-05	1039	0.000119003983692372	189.437666956522	0.894970948634419	0.010908241161822	3.38381638390084	0.0183161593295422	0.00541287033678448
Q12746	YML125C	0.000261678893552816	313	0.000101121778886163	2397.92269565217	0.912604857432218	0.00950891535042562	10.4671557421126	0.231847946921616	0.0221500427273494
Q3E705	YGR271C-A	4.70387281711609e-05	234	2.94858164330069e-05	1031.57083043478	0.885107003844818	0.0301118274173204	1.88154912684644	0.0997394868375782	0.0530092387248726
Q3E757	YGR085C	0.00229945858038995	175	0.00211675376161125	95733.3826086956	0.845714822916939	0.0821943845846154	91.978343215598	9.25617337453448	0.10063426944795
Q3E772	YGR169C-A	2.43673107983433e-05	93	4.45930116257903e-05	3157.88604347826	0.937860230027	0.585421225773533	0.974692431933732	0.305326521626559	0.313254224228261
Q3E7Z5	YIL002W-A	0.000221991174293479	70	3.15751093852004e-05	2748.57347826087	0.915077826294183	0.0199582097481523	8.87964697173916	0.26575131844468	0.0299281400815229
Q3E824	YOR020W-A	6.04783647914926e-05	91	1.17857551149374e-05	537.691852173913	0.982248432892398	0.0215802820982862	2.4191345916597	0.0519878110453839	0.0214902516067601
Q3E833	YKR095W-A	9.45748916699746e-05	89	2.12036448840555e-05	771.527604347826	0.865805799532671	0.0274795526913921	3.78299566679898	0.0745966879523388	0.0197189461798827
Q3E842	YMR122W-A	0.00078268211818914	85	0.000383754900865192	161.212177391304	0.802462676022003	0.0942821129923512	31.3072847275656	0.0155871214758955	0.000497875226533819
Q3E846	YMR244C-A	3.08321075407609e-05	105	1.97357826561042e-05	588.949117391305	0.955782414279026	0.102367364829046	1.23328430163044	0.0569437221458612	0.0461724211283481
Q6Q547	YHR072W-A	0.00047463155379485	59	9.98039171778559e-05	5599.58460869565	0.900109915539878	0.0460527226386665	18.985262151794	0.541407025962059	0.0285172267642825
Q92317	YDR397C	7.26756820603651e-05	147	3.17036812591815e-05	233.080752173913	0.830554591206211	0.0350670747489336	2.9070272824146	0.0225358782234514	0.00775220733557508
Q99207	YDL148C	7.80402080817473e-05	811	0.000103339643712337	889.097147826087	0.958375080620233	0.0144137951861485	3.12160832326989	0.0859641341695876	0.0275384113787664
Q99258	YDR487C	0.000248611527430944	209	9.07717430306812e-05	6986.14339130435	0.952193922164486	0.0159390224166045	9.94446109723776	0.675469232227858	0.0679241665911369
Q99316	YOL088C	9.5490807887033e-05	278	3.62358398170165e-05	2322.32013043478	0.952445526661619	0.0110410874614273	3.81963231548132	0.224538161848293	0.0587852817503453
Q99321	YOR163W	0.000125041325026419	189	4.58037301057793e-05	424.518786956522	0.999565984930428	0.018602774636902	5.00165300105676	0.0410454471130295	0.008206376392836
